"srch_destination","user_location_region","month","srch_count","is_booking","user_location_latitude","user_location_longitude","latitude","longitude"
"AB","WA",4,4,1,14070,13502,1483.5,1150.5
"AB","PA",9,3,0,9103,2311,1483.5,1150.5
"AB","WA",2,1,1,14070,13502,1483.5,1150.5
"AB","ON",9,64,1,217.5,704.5,1483.5,1150.5
"AB","NY",10,1,1,10905,1326,1483.5,1150.5
"AB","CA",10,25,0,4879,12768,1483.5,1150.5
"AB","ON",6,67,1,217.5,704.5,1483.5,1150.5
"AB","TX",2,4,1,1750,9773.5,1483.5,1150.5
"AB","PA",10,0,1,9103,2311,1483.5,1150.5
"AB","ON",1,229,0,217.5,704.5,1483.5,1150.5
"AB","WA",7,78,0,14070,13502,1483.5,1150.5
"AB","IL",9,10,0,10933,7309,1483.5,1150.5
"AB","BC",12,52,1,1119,1460,1483.5,1150.5
"AB","PA",8,3,1,9103,2311,1483.5,1150.5
"AB","NJ",5,1,1,9239.5,1587,1483.5,1150.5
"AB","TX",5,60,0,1750,9773.5,1483.5,1150.5
"AB","CA",12,45,0,4879,12768,1483.5,1150.5
"AB","ON",8,49,1,217.5,704.5,1483.5,1150.5
"AB","TX",8,14,1,1750,9773.5,1483.5,1150.5
"AB","NY",8,2,1,10905,1326,1483.5,1150.5
"AB","TX",8,79,0,1750,9773.5,1483.5,1150.5
"AB","FL",2,22,0,735.5,4509,1483.5,1150.5
"AB","IL",8,29,0,10933,7309,1483.5,1150.5
"AB","ON",4,273,0,217.5,704.5,1483.5,1150.5
"AB","FL",10,8,0,735.5,4509,1483.5,1150.5
"AB","CA",5,189,0,4879,12768,1483.5,1150.5
"AB","BC",6,75,1,1119,1460,1483.5,1150.5
"AB","IL",2,15,0,10933,7309,1483.5,1150.5
"AB","WA",1,10,0,14070,13502,1483.5,1150.5
"AB","FL",4,16,0,735.5,4509,1483.5,1150.5
"AB","NJ",7,34,0,9239.5,1587,1483.5,1150.5
"AB","CA",4,149,0,4879,12768,1483.5,1150.5
"AB","PA",1,9,0,9103,2311,1483.5,1150.5
"AB","ON",8,307,0,217.5,704.5,1483.5,1150.5
"AB","FL",3,19,0,735.5,4509,1483.5,1150.5
"AB","NY",2,14,0,10905,1326,1483.5,1150.5
"AB","ON",10,51,1,217.5,704.5,1483.5,1150.5
"AB","PA",3,10,0,9103,2311,1483.5,1150.5
"AB","BC",1,383,0,1119,1460,1483.5,1150.5
"AB","TX",4,7,1,1750,9773.5,1483.5,1150.5
"AB","NY",9,1,1,10905,1326,1483.5,1150.5
"AB","WA",5,8,1,14070,13502,1483.5,1150.5
"AB","FL",11,2,1,735.5,4509,1483.5,1150.5
"AB","ON",12,36,1,217.5,704.5,1483.5,1150.5
"AB","WA",9,32,0,14070,13502,1483.5,1150.5
"AB","PA",4,3,1,9103,2311,1483.5,1150.5
"AB","WA",9,5,1,14070,13502,1483.5,1150.5
"AB","WA",6,59,0,14070,13502,1483.5,1150.5
"AB","TX",6,108,0,1750,9773.5,1483.5,1150.5
"AB","ON",12,186,0,217.5,704.5,1483.5,1150.5
"AB","WA",5,65,0,14070,13502,1483.5,1150.5
"AB","CA",3,11,1,4879,12768,1483.5,1150.5
"AB","TX",9,24,0,1750,9773.5,1483.5,1150.5
"AB","NJ",5,26,0,9239.5,1587,1483.5,1150.5
"AB","ON",9,327,0,217.5,704.5,1483.5,1150.5
"AB","ON",4,45,1,217.5,704.5,1483.5,1150.5
"AB","CA",5,24,1,4879,12768,1483.5,1150.5
"AB","FL",7,25,0,735.5,4509,1483.5,1150.5
"AB","TX",1,6,1,1750,9773.5,1483.5,1150.5
"AB","NJ",9,3,0,9239.5,1587,1483.5,1150.5
"AB","IL",8,6,1,10933,7309,1483.5,1150.5
"AB","NJ",7,2,1,9239.5,1587,1483.5,1150.5
"AB","WA",8,1,1,14070,13502,1483.5,1150.5
"AB","NY",4,28,0,10905,1326,1483.5,1150.5
"AB","PA",5,16,0,9103,2311,1483.5,1150.5
"AB","PA",7,29,0,9103,2311,1483.5,1150.5
"AB","PA",1,3,1,9103,2311,1483.5,1150.5
"AB","IL",5,17,0,10933,7309,1483.5,1150.5
"AB","IL",9,2,1,10933,7309,1483.5,1150.5
"AB","TX",4,42,0,1750,9773.5,1483.5,1150.5
"AB","IL",7,23,0,10933,7309,1483.5,1150.5
"AB","ON",5,426,0,217.5,704.5,1483.5,1150.5
"AB","CA",8,171,0,4879,12768,1483.5,1150.5
"AB","BC",3,58,1,1119,1460,1483.5,1150.5
"AB","BC",7,616,0,1119,1460,1483.5,1150.5
"AB","PA",10,6,0,9103,2311,1483.5,1150.5
"AB","PA",6,28,0,9103,2311,1483.5,1150.5
"AB","PA",4,12,0,9103,2311,1483.5,1150.5
"AB","ON",5,70,1,217.5,704.5,1483.5,1150.5
"AB","IL",11,2,1,10933,7309,1483.5,1150.5
"AB","CA",2,29,0,4879,12768,1483.5,1150.5
"AB","NJ",9,1,1,9239.5,1587,1483.5,1150.5
"AB","WA",11,33,0,14070,13502,1483.5,1150.5
"AB","TX",10,17,0,1750,9773.5,1483.5,1150.5
"AB","TX",5,13,1,1750,9773.5,1483.5,1150.5
"AB","TX",12,22,0,1750,9773.5,1483.5,1150.5
"AB","TX",7,11,1,1750,9773.5,1483.5,1150.5
"AB","NJ",1,1,1,9239.5,1587,1483.5,1150.5
"AB","NJ",8,0,1,9239.5,1587,1483.5,1150.5
"AB","IL",1,30,0,10933,7309,1483.5,1150.5
"AB","IL",4,4,1,10933,7309,1483.5,1150.5
"AB","ON",7,409,0,217.5,704.5,1483.5,1150.5
"AB","TX",9,5,1,1750,9773.5,1483.5,1150.5
"AB","ON",1,43,1,217.5,704.5,1483.5,1150.5
"AB","NY",1,3,0,10905,1326,1483.5,1150.5
"AB","TX",1,28,0,1750,9773.5,1483.5,1150.5
"AB","BC",10,58,1,1119,1460,1483.5,1150.5
"AB","ON",10,281,0,217.5,704.5,1483.5,1150.5
"AB","NY",5,26,0,10905,1326,1483.5,1150.5
"AB","TX",7,46,0,1750,9773.5,1483.5,1150.5
"AB","WA",12,16,0,14070,13502,1483.5,1150.5
"AB","BC",5,442,0,1119,1460,1483.5,1150.5
"AB","NJ",12,2,0,9239.5,1587,1483.5,1150.5
"AB","IL",6,4,1,10933,7309,1483.5,1150.5
"AB","NJ",11,2,0,9239.5,1587,1483.5,1150.5
"AB","IL",3,1,1,10933,7309,1483.5,1150.5
"AB","NY",7,16,0,10905,1326,1483.5,1150.5
"AB","BC",8,84,1,1119,1460,1483.5,1150.5
"AB","CA",1,59,0,4879,12768,1483.5,1150.5
"AB","NJ",3,21,0,9239.5,1587,1483.5,1150.5
"AB","PA",9,1,1,9103,2311,1483.5,1150.5
"AB","CA",7,148,0,4879,12768,1483.5,1150.5
"AB","CA",10,5,1,4879,12768,1483.5,1150.5
"AB","NY",6,4,1,10905,1326,1483.5,1150.5
"AB","IL",12,2,0,10933,7309,1483.5,1150.5
"AB","WA",7,8,1,14070,13502,1483.5,1150.5
"AB","CA",4,24,1,4879,12768,1483.5,1150.5
"AB","FL",3,3,1,735.5,4509,1483.5,1150.5
"AB","FL",1,9,0,735.5,4509,1483.5,1150.5
"AB","ON",3,278,0,217.5,704.5,1483.5,1150.5
"AB","TX",2,45,0,1750,9773.5,1483.5,1150.5
"AB","NY",10,2,0,10905,1326,1483.5,1150.5
"AB","NJ",12,1,1,9239.5,1587,1483.5,1150.5
"AB","NJ",11,0,1,9239.5,1587,1483.5,1150.5
"AB","FL",1,3,1,735.5,4509,1483.5,1150.5
"AB","ON",11,43,1,217.5,704.5,1483.5,1150.5
"AB","CA",9,79,0,4879,12768,1483.5,1150.5
"AB","BC",2,43,1,1119,1460,1483.5,1150.5
"AB","IL",1,4,1,10933,7309,1483.5,1150.5
"AB","NJ",4,0,1,9239.5,1587,1483.5,1150.5
"AB","NY",12,30,0,10905,1326,1483.5,1150.5
"AB","BC",9,405,0,1119,1460,1483.5,1150.5
"AB","NJ",6,26,0,9239.5,1587,1483.5,1150.5
"AB","BC",8,543,0,1119,1460,1483.5,1150.5
"AB","BC",4,404,0,1119,1460,1483.5,1150.5
"AB","TX",3,8,1,1750,9773.5,1483.5,1150.5
"AB","IL",4,23,0,10933,7309,1483.5,1150.5
"AB","NY",12,5,1,10905,1326,1483.5,1150.5
"AB","IL",2,0,1,10933,7309,1483.5,1150.5
"AB","NY",8,22,0,10905,1326,1483.5,1150.5
"AB","PA",5,0,1,9103,2311,1483.5,1150.5
"AB","NJ",8,14,0,9239.5,1587,1483.5,1150.5
"AB","NY",6,30,0,10905,1326,1483.5,1150.5
"AB","FL",9,3,1,735.5,4509,1483.5,1150.5
"AB","IL",10,2,1,10933,7309,1483.5,1150.5
"AB","WA",6,9,1,14070,13502,1483.5,1150.5
"AB","CA",2,6,1,4879,12768,1483.5,1150.5
"AB","FL",12,7,0,735.5,4509,1483.5,1150.5
"AB","TX",6,22,1,1750,9773.5,1483.5,1150.5
"AB","NY",1,1,1,10905,1326,1483.5,1150.5
"AB","IL",11,14,0,10933,7309,1483.5,1150.5
"AB","CA",8,25,1,4879,12768,1483.5,1150.5
"AB","BC",4,76,1,1119,1460,1483.5,1150.5
"AB","FL",8,2,1,735.5,4509,1483.5,1150.5
"AB","WA",1,3,1,14070,13502,1483.5,1150.5
"AB","BC",2,244,0,1119,1460,1483.5,1150.5
"AB","BC",3,356,0,1119,1460,1483.5,1150.5
"AB","NJ",10,7,0,9239.5,1587,1483.5,1150.5
"AB","FL",4,4,1,735.5,4509,1483.5,1150.5
"AB","BC",12,298,0,1119,1460,1483.5,1150.5
"AB","WA",2,11,0,14070,13502,1483.5,1150.5
"AB","CA",6,25,1,4879,12768,1483.5,1150.5
"AB","ON",2,243,0,217.5,704.5,1483.5,1150.5
"AB","NY",4,2,1,10905,1326,1483.5,1150.5
"AB","WA",12,1,1,14070,13502,1483.5,1150.5
"AB","FL",11,13,0,735.5,4509,1483.5,1150.5
"AB","PA",7,3,1,9103,2311,1483.5,1150.5
"AB","WA",10,32,0,14070,13502,1483.5,1150.5
"AB","CA",1,12,1,4879,12768,1483.5,1150.5
"AB","WA",11,6,1,14070,13502,1483.5,1150.5
"AB","BC",6,454,0,1119,1460,1483.5,1150.5
"AB","FL",6,9,0,735.5,4509,1483.5,1150.5
"AB","ON",6,450,0,217.5,704.5,1483.5,1150.5
"AB","NY",3,33,0,10905,1326,1483.5,1150.5
"AB","NY",7,3,1,10905,1326,1483.5,1150.5
"AB","BC",7,85,1,1119,1460,1483.5,1150.5
"AB","BC",10,348,0,1119,1460,1483.5,1150.5
"AB","NJ",3,4,1,9239.5,1587,1483.5,1150.5
"AB","CA",9,13,1,4879,12768,1483.5,1150.5
"AB","NJ",2,21,0,9239.5,1587,1483.5,1150.5
"AB","ON",7,62,1,217.5,704.5,1483.5,1150.5
"AB","NJ",1,24,0,9239.5,1587,1483.5,1150.5
"AB","FL",9,10,0,735.5,4509,1483.5,1150.5
"AB","CA",11,4,1,4879,12768,1483.5,1150.5
"AB","TX",3,31,0,1750,9773.5,1483.5,1150.5
"AB","BC",9,68,1,1119,1460,1483.5,1150.5
"AB","CA",3,88,0,4879,12768,1483.5,1150.5
"AB","BC",11,328,0,1119,1460,1483.5,1150.5
"AB","FL",12,0,1,735.5,4509,1483.5,1150.5
"AB","NJ",6,5,1,9239.5,1587,1483.5,1150.5
"AB","FL",5,13,0,735.5,4509,1483.5,1150.5
"AB","WA",3,7,1,14070,13502,1483.5,1150.5
"AB","PA",2,3,0,9103,2311,1483.5,1150.5
"AB","IL",5,2,1,10933,7309,1483.5,1150.5
"AB","NY",5,1,1,10905,1326,1483.5,1150.5
"AB","FL",5,5,1,735.5,4509,1483.5,1150.5
"AB","FL",7,2,1,735.5,4509,1483.5,1150.5
"AB","WA",4,37,0,14070,13502,1483.5,1150.5
"AB","ON",2,27,1,217.5,704.5,1483.5,1150.5
"AB","WA",10,5,1,14070,13502,1483.5,1150.5
"AB","PA",6,2,1,9103,2311,1483.5,1150.5
"AB","BC",1,80,1,1119,1460,1483.5,1150.5
"AB","NY",3,5,1,10905,1326,1483.5,1150.5
"AB","IL",3,8,0,10933,7309,1483.5,1150.5
"AB","TX",11,42,0,1750,9773.5,1483.5,1150.5
"AB","PA",3,1,1,9103,2311,1483.5,1150.5
"AB","CA",7,16,1,4879,12768,1483.5,1150.5
"AB","CA",11,35,0,4879,12768,1483.5,1150.5
"AB","TX",11,10,1,1750,9773.5,1483.5,1150.5
"AB","IL",7,0,1,10933,7309,1483.5,1150.5
"AB","PA",11,1,1,9103,2311,1483.5,1150.5
"AB","WA",3,60,0,14070,13502,1483.5,1150.5
"AB","ON",11,214,0,217.5,704.5,1483.5,1150.5
"AB","NY",9,4,0,10905,1326,1483.5,1150.5
"AB","PA",8,14,0,9103,2311,1483.5,1150.5
"AB","IL",6,36,0,10933,7309,1483.5,1150.5
"AB","TX",12,5,1,1750,9773.5,1483.5,1150.5
"AB","CA",12,2,1,4879,12768,1483.5,1150.5
"AB","BC",5,67,1,1119,1460,1483.5,1150.5
"AB","NY",11,1,1,10905,1326,1483.5,1150.5
"AB","FL",2,4,1,735.5,4509,1483.5,1150.5
"AB","IL",12,1,1,10933,7309,1483.5,1150.5
"AB","FL",6,2,1,735.5,4509,1483.5,1150.5
"AB","TX",10,2,1,1750,9773.5,1483.5,1150.5
"AB","FL",8,20,0,735.5,4509,1483.5,1150.5
"AB","WA",8,36,0,14070,13502,1483.5,1150.5
"AB","NJ",2,2,1,9239.5,1587,1483.5,1150.5
"AB","BC",11,60,1,1119,1460,1483.5,1150.5
"AB","FL",10,0,1,735.5,4509,1483.5,1150.5
"AB","IL",10,22,0,10933,7309,1483.5,1150.5
"AB","NJ",4,6,0,9239.5,1587,1483.5,1150.5
"AB","NY",11,13,0,10905,1326,1483.5,1150.5
"AB","CA",6,172,0,4879,12768,1483.5,1150.5
"AB","ON",3,39,1,217.5,704.5,1483.5,1150.5
"AB","NY",2,2,1,10905,1326,1483.5,1150.5
"AB","NJ",10,0,1,9239.5,1587,1483.5,1150.5
"AB","PA",2,1,1,9103,2311,1483.5,1150.5
"AB","PA",11,5,0,9103,2311,1483.5,1150.5
"BC","WA",10,50,1,14070,13502,1119,1460
"BC","TX",6,18,1,1750,9773.5,1119,1460
"BC","WA",6,71,1,14070,13502,1119,1460
"BC","ON",4,70,1,217.5,704.5,1119,1460
"BC","NY",3,38,0,10905,1326,1119,1460
"BC","WA",12,49,1,14070,13502,1119,1460
"BC","FL",5,60,0,735.5,4509,1119,1460
"BC","FL",8,40,0,735.5,4509,1119,1460
"BC","NY",9,6,1,10905,1326,1119,1460
"BC","TX",10,43,0,1750,9773.5,1119,1460
"BC","WA",3,481,0,14070,13502,1119,1460
"BC","NJ",11,0,1,9239.5,1587,1119,1460
"BC","WA",11,45,1,14070,13502,1119,1460
"BC","NJ",8,7,1,9239.5,1587,1119,1460
"BC","PA",9,1,1,9103,2311,1119,1460
"BC","PA",11,3,1,9103,2311,1119,1460
"BC","NY",12,4,1,10905,1326,1119,1460
"BC","BC",2,190,1,1119,1460,1119,1460
"BC","NY",1,6,1,10905,1326,1119,1460
"BC","NJ",12,1,1,9239.5,1587,1119,1460
"BC","ON",3,541,0,217.5,704.5,1119,1460
"BC","BC",4,251,1,1119,1460,1119,1460
"BC","FL",9,1,1,735.5,4509,1119,1460
"BC","ON",6,665,0,217.5,704.5,1119,1460
"BC","TX",4,3,1,1750,9773.5,1119,1460
"BC","WA",9,71,1,14070,13502,1119,1460
"BC","CA",10,30,1,4879,12768,1119,1460
"BC","CA",12,26,1,4879,12768,1119,1460
"BC","IL",8,22,0,10933,7309,1119,1460
"BC","PA",10,1,1,9103,2311,1119,1460
"BC","TX",12,44,0,1750,9773.5,1119,1460
"BC","IL",3,97,0,10933,7309,1119,1460
"BC","NY",6,79,0,10905,1326,1119,1460
"BC","FL",1,3,1,735.5,4509,1119,1460
"BC","BC",9,2716,0,1119,1460,1119,1460
"BC","PA",10,3,0,9103,2311,1119,1460
"BC","WA",10,484,0,14070,13502,1119,1460
"BC","IL",5,2,1,10933,7309,1119,1460
"BC","WA",12,562,0,14070,13502,1119,1460
"BC","PA",6,2,1,9103,2311,1119,1460
"BC","NY",10,6,1,10905,1326,1119,1460
"BC","CA",8,55,1,4879,12768,1119,1460
"BC","NJ",1,11,0,9239.5,1587,1119,1460
"BC","BC",7,323,1,1119,1460,1119,1460
"BC","CA",5,312,0,4879,12768,1119,1460
"BC","NJ",10,1,1,9239.5,1587,1119,1460
"BC","NJ",2,2,1,9239.5,1587,1119,1460
"BC","WA",8,623,0,14070,13502,1119,1460
"BC","IL",9,4,1,10933,7309,1119,1460
"BC","CA",6,58,1,4879,12768,1119,1460
"BC","BC",3,245,1,1119,1460,1119,1460
"BC","ON",12,237,0,217.5,704.5,1119,1460
"BC","NJ",9,2,1,9239.5,1587,1119,1460
"BC","TX",8,17,1,1750,9773.5,1119,1460
"BC","CA",9,299,0,4879,12768,1119,1460
"BC","TX",9,7,1,1750,9773.5,1119,1460
"BC","IL",4,82,0,10933,7309,1119,1460
"BC","WA",8,72,1,14070,13502,1119,1460
"BC","TX",12,6,1,1750,9773.5,1119,1460
"BC","PA",4,0,1,9103,2311,1119,1460
"BC","NY",12,67,0,10905,1326,1119,1460
"BC","CA",9,36,1,4879,12768,1119,1460
"BC","WA",3,46,1,14070,13502,1119,1460
"BC","NY",2,40,0,10905,1326,1119,1460
"BC","BC",5,2177,0,1119,1460,1119,1460
"BC","NY",10,38,0,10905,1326,1119,1460
"BC","FL",11,27,0,735.5,4509,1119,1460
"BC","CA",5,39,1,4879,12768,1119,1460
"BC","FL",7,7,1,735.5,4509,1119,1460
"BC","TX",11,10,1,1750,9773.5,1119,1460
"BC","CA",12,218,0,4879,12768,1119,1460
"BC","BC",9,322,1,1119,1460,1119,1460
"BC","IL",6,40,0,10933,7309,1119,1460
"BC","CA",6,415,0,4879,12768,1119,1460
"BC","TX",9,52,0,1750,9773.5,1119,1460
"BC","FL",7,58,0,735.5,4509,1119,1460
"BC","IL",4,9,1,10933,7309,1119,1460
"BC","FL",10,17,0,735.5,4509,1119,1460
"BC","NJ",8,65,0,9239.5,1587,1119,1460
"BC","FL",12,16,0,735.5,4509,1119,1460
"BC","WA",4,494,0,14070,13502,1119,1460
"BC","TX",10,10,1,1750,9773.5,1119,1460
"BC","CA",10,242,0,4879,12768,1119,1460
"BC","FL",4,35,0,735.5,4509,1119,1460
"BC","NY",2,5,1,10905,1326,1119,1460
"BC","NY",11,53,0,10905,1326,1119,1460
"BC","NJ",6,3,1,9239.5,1587,1119,1460
"BC","IL",1,16,0,10933,7309,1119,1460
"BC","NJ",7,9,1,9239.5,1587,1119,1460
"BC","WA",1,26,1,14070,13502,1119,1460
"BC","ON",9,41,1,217.5,704.5,1119,1460
"BC","TX",5,13,1,1750,9773.5,1119,1460
"BC","IL",9,23,0,10933,7309,1119,1460
"BC","NY",8,4,1,10905,1326,1119,1460
"BC","ON",7,77,1,217.5,704.5,1119,1460
"BC","IL",7,59,0,10933,7309,1119,1460
"BC","IL",7,4,1,10933,7309,1119,1460
"BC","WA",4,54,1,14070,13502,1119,1460
"BC","WA",2,366,0,14070,13502,1119,1460
"BC","IL",11,13,0,10933,7309,1119,1460
"BC","BC",1,199,1,1119,1460,1119,1460
"BC","BC",10,1946,0,1119,1460,1119,1460
"BC","PA",3,7,1,9103,2311,1119,1460
"BC","CA",3,520,0,4879,12768,1119,1460
"BC","BC",6,2745,0,1119,1460,1119,1460
"BC","NJ",4,34,0,9239.5,1587,1119,1460
"BC","ON",10,344,0,217.5,704.5,1119,1460
"BC","NJ",3,10,1,9239.5,1587,1119,1460
"BC","TX",4,42,0,1750,9773.5,1119,1460
"BC","BC",12,250,1,1119,1460,1119,1460
"BC","CA",11,30,1,4879,12768,1119,1460
"BC","ON",2,39,1,217.5,704.5,1119,1460
"BC","IL",3,11,1,10933,7309,1119,1460
"BC","WA",2,45,1,14070,13502,1119,1460
"BC","BC",6,294,1,1119,1460,1119,1460
"BC","NY",9,32,0,10905,1326,1119,1460
"BC","PA",4,1,0,9103,2311,1119,1460
"BC","WA",5,484,0,14070,13502,1119,1460
"BC","TX",1,7,1,1750,9773.5,1119,1460
"BC","ON",10,47,1,217.5,704.5,1119,1460
"BC","NY",6,10,1,10905,1326,1119,1460
"BC","PA",8,4,1,9103,2311,1119,1460
"BC","TX",7,15,1,1750,9773.5,1119,1460
"BC","FL",2,10,1,735.5,4509,1119,1460
"BC","FL",10,3,1,735.5,4509,1119,1460
"BC","PA",8,55,0,9103,2311,1119,1460
"BC","ON",6,82,1,217.5,704.5,1119,1460
"BC","BC",5,249,1,1119,1460,1119,1460
"BC","ON",1,48,1,217.5,704.5,1119,1460
"BC","ON",11,289,0,217.5,704.5,1119,1460
"BC","WA",11,540,0,14070,13502,1119,1460
"BC","BC",11,210,1,1119,1460,1119,1460
"BC","NJ",11,5,0,9239.5,1587,1119,1460
"BC","CA",1,217,0,4879,12768,1119,1460
"BC","CA",7,56,1,4879,12768,1119,1460
"BC","BC",3,2179,0,1119,1460,1119,1460
"BC","WA",9,622,0,14070,13502,1119,1460
"BC","PA",7,27,0,9103,2311,1119,1460
"BC","IL",12,1,1,10933,7309,1119,1460
"BC","TX",2,58,0,1750,9773.5,1119,1460
"BC","PA",2,18,0,9103,2311,1119,1460
"BC","NJ",2,94,0,9239.5,1587,1119,1460
"BC","ON",2,344,0,217.5,704.5,1119,1460
"BC","NY",11,5,1,10905,1326,1119,1460
"BC","CA",4,34,1,4879,12768,1119,1460
"BC","FL",11,3,1,735.5,4509,1119,1460
"BC","CA",1,19,1,4879,12768,1119,1460
"BC","TX",2,7,1,1750,9773.5,1119,1460
"BC","IL",2,0,1,10933,7309,1119,1460
"BC","WA",5,62,1,14070,13502,1119,1460
"BC","PA",1,0,1,9103,2311,1119,1460
"BC","PA",7,4,1,9103,2311,1119,1460
"BC","FL",8,5,1,735.5,4509,1119,1460
"BC","ON",1,294,0,217.5,704.5,1119,1460
"BC","CA",2,286,0,4879,12768,1119,1460
"BC","FL",4,5,1,735.5,4509,1119,1460
"BC","NJ",10,6,0,9239.5,1587,1119,1460
"BC","ON",8,77,1,217.5,704.5,1119,1460
"BC","PA",11,24,0,9103,2311,1119,1460
"BC","NJ",9,17,0,9239.5,1587,1119,1460
"BC","FL",1,38,0,735.5,4509,1119,1460
"BC","WA",1,272,0,14070,13502,1119,1460
"BC","ON",8,559,0,217.5,704.5,1119,1460
"BC","WA",7,674,0,14070,13502,1119,1460
"BC","NJ",7,45,0,9239.5,1587,1119,1460
"BC","BC",11,1803,0,1119,1460,1119,1460
"BC","FL",3,67,0,735.5,4509,1119,1460
"BC","TX",8,108,0,1750,9773.5,1119,1460
"BC","ON",11,39,1,217.5,704.5,1119,1460
"BC","IL",5,42,0,10933,7309,1119,1460
"BC","CA",11,249,0,4879,12768,1119,1460
"BC","PA",5,20,0,9103,2311,1119,1460
"BC","TX",11,60,0,1750,9773.5,1119,1460
"BC","FL",5,6,1,735.5,4509,1119,1460
"BC","FL",9,34,0,735.5,4509,1119,1460
"BC","IL",11,1,1,10933,7309,1119,1460
"BC","CA",3,55,1,4879,12768,1119,1460
"BC","FL",3,8,1,735.5,4509,1119,1460
"BC","PA",5,6,1,9103,2311,1119,1460
"BC","BC",1,1468,0,1119,1460,1119,1460
"BC","FL",6,8,1,735.5,4509,1119,1460
"BC","BC",4,2175,0,1119,1460,1119,1460
"BC","IL",10,3,1,10933,7309,1119,1460
"BC","IL",12,16,0,10933,7309,1119,1460
"BC","NY",5,6,1,10905,1326,1119,1460
"BC","TX",7,113,0,1750,9773.5,1119,1460
"BC","BC",10,247,1,1119,1460,1119,1460
"BC","ON",9,379,0,217.5,704.5,1119,1460
"BC","ON",5,66,1,217.5,704.5,1119,1460
"BC","IL",2,12,0,10933,7309,1119,1460
"BC","ON",7,623,0,217.5,704.5,1119,1460
"BC","NY",7,10,1,10905,1326,1119,1460
"BC","NY",4,6,1,10905,1326,1119,1460
"BC","NJ",5,4,1,9239.5,1587,1119,1460
"BC","FL",12,3,1,735.5,4509,1119,1460
"BC","PA",2,3,1,9103,2311,1119,1460
"BC","TX",3,109,0,1750,9773.5,1119,1460
"BC","ON",12,38,1,217.5,704.5,1119,1460
"BC","BC",2,1608,0,1119,1460,1119,1460
"BC","CA",8,411,0,4879,12768,1119,1460
"BC","NJ",1,2,1,9239.5,1587,1119,1460
"BC","NY",8,53,0,10905,1326,1119,1460
"BC","NJ",5,45,0,9239.5,1587,1119,1460
"BC","NY",5,40,0,10905,1326,1119,1460
"BC","TX",5,135,0,1750,9773.5,1119,1460
"BC","TX",3,14,1,1750,9773.5,1119,1460
"BC","WA",7,75,1,14070,13502,1119,1460
"BC","NY",3,4,1,10905,1326,1119,1460
"BC","CA",2,25,1,4879,12768,1119,1460
"BC","ON",4,550,0,217.5,704.5,1119,1460
"BC","BC",12,2051,0,1119,1460,1119,1460
"BC","NY",4,73,0,10905,1326,1119,1460
"BC","ON",5,459,0,217.5,704.5,1119,1460
"BC","NJ",12,5,0,9239.5,1587,1119,1460
"BC","CA",4,328,0,4879,12768,1119,1460
"BC","TX",6,121,0,1750,9773.5,1119,1460
"BC","FL",6,76,0,735.5,4509,1119,1460
"BC","PA",9,11,0,9103,2311,1119,1460
"BC","NJ",6,29,0,9239.5,1587,1119,1460
"BC","NY",1,30,0,10905,1326,1119,1460
"BC","NJ",4,2,1,9239.5,1587,1119,1460
"BC","BC",8,378,1,1119,1460,1119,1460
"BC","NJ",3,44,0,9239.5,1587,1119,1460
"BC","IL",8,2,1,10933,7309,1119,1460
"BC","PA",3,26,0,9103,2311,1119,1460
"BC","IL",1,0,1,10933,7309,1119,1460
"BC","NY",7,72,0,10905,1326,1119,1460
"BC","IL",10,14,0,10933,7309,1119,1460
"BC","TX",1,43,0,1750,9773.5,1119,1460
"BC","WA",6,625,0,14070,13502,1119,1460
"BC","IL",6,6,1,10933,7309,1119,1460
"BC","BC",8,3424,0,1119,1460,1119,1460
"BC","PA",1,3,0,9103,2311,1119,1460
"BC","FL",2,84,0,735.5,4509,1119,1460
"BC","ON",3,71,1,217.5,704.5,1119,1460
"BC","CA",7,529,0,4879,12768,1119,1460
"BC","PA",6,28,0,9103,2311,1119,1460
"BC","BC",7,3238,0,1119,1460,1119,1460
"MB","CA",12,0,1,4879,12768,1227.5,960.5
"MB","NY",4,25,0,10905,1326,1227.5,960.5
"MB","ON",8,152,0,217.5,704.5,1227.5,960.5
"MB","BC",4,60,0,1119,1460,1227.5,960.5
"MB","IL",12,1,1,10933,7309,1227.5,960.5
"MB","ON",4,179,0,217.5,704.5,1227.5,960.5
"MB","NY",5,23,0,10905,1326,1227.5,960.5
"MB","IL",10,1,1,10933,7309,1227.5,960.5
"MB","BC",12,1,1,1119,1460,1227.5,960.5
"MB","BC",10,32,0,1119,1460,1227.5,960.5
"MB","CA",10,18,0,4879,12768,1227.5,960.5
"MB","ON",3,18,1,217.5,704.5,1227.5,960.5
"MB","IL",3,7,0,10933,7309,1227.5,960.5
"MB","BC",9,42,0,1119,1460,1227.5,960.5
"MB","TX",2,3,0,1750,9773.5,1227.5,960.5
"MB","PA",1,0,1,9103,2311,1227.5,960.5
"MB","WA",3,1,1,14070,13502,1227.5,960.5
"MB","PA",5,3,0,9103,2311,1227.5,960.5
"MB","CA",7,13,0,4879,12768,1227.5,960.5
"MB","PA",1,1,0,9103,2311,1227.5,960.5
"MB","IL",2,8,0,10933,7309,1227.5,960.5
"MB","WA",4,2,0,14070,13502,1227.5,960.5
"MB","WA",7,2,0,14070,13502,1227.5,960.5
"MB","WA",9,8,0,14070,13502,1227.5,960.5
"MB","BC",7,48,0,1119,1460,1227.5,960.5
"MB","BC",2,20,0,1119,1460,1227.5,960.5
"MB","ON",2,104,0,217.5,704.5,1227.5,960.5
"MB","WA",2,7,0,14070,13502,1227.5,960.5
"MB","WA",1,0,1,14070,13502,1227.5,960.5
"MB","BC",9,9,1,1119,1460,1227.5,960.5
"MB","BC",5,6,1,1119,1460,1227.5,960.5
"MB","CA",2,5,0,4879,12768,1227.5,960.5
"MB","NY",3,5,0,10905,1326,1227.5,960.5
"MB","IL",1,0,1,10933,7309,1227.5,960.5
"MB","ON",5,148,0,217.5,704.5,1227.5,960.5
"MB","FL",2,7,0,735.5,4509,1227.5,960.5
"MB","CA",11,4,0,4879,12768,1227.5,960.5
"MB","ON",5,25,1,217.5,704.5,1227.5,960.5
"MB","CA",8,13,0,4879,12768,1227.5,960.5
"MB","WA",7,1,1,14070,13502,1227.5,960.5
"MB","NJ",7,3,1,9239.5,1587,1227.5,960.5
"MB","CA",6,4,1,4879,12768,1227.5,960.5
"MB","CA",1,4,0,4879,12768,1227.5,960.5
"MB","FL",5,2,0,735.5,4509,1227.5,960.5
"MB","ON",6,187,0,217.5,704.5,1227.5,960.5
"MB","NY",2,2,1,10905,1326,1227.5,960.5
"MB","FL",6,11,0,735.5,4509,1227.5,960.5
"MB","NY",7,0,1,10905,1326,1227.5,960.5
"MB","TX",3,1,1,1750,9773.5,1227.5,960.5
"MB","BC",8,40,0,1119,1460,1227.5,960.5
"MB","BC",3,56,0,1119,1460,1227.5,960.5
"MB","CA",9,8,0,4879,12768,1227.5,960.5
"MB","TX",1,1,1,1750,9773.5,1227.5,960.5
"MB","BC",12,13,0,1119,1460,1227.5,960.5
"MB","CA",10,2,1,4879,12768,1227.5,960.5
"MB","BC",3,8,1,1119,1460,1227.5,960.5
"MB","ON",7,20,1,217.5,704.5,1227.5,960.5
"MB","FL",10,2,0,735.5,4509,1227.5,960.5
"MB","NJ",7,14,0,9239.5,1587,1227.5,960.5
"MB","IL",8,0,1,10933,7309,1227.5,960.5
"MB","BC",2,5,1,1119,1460,1227.5,960.5
"MB","NJ",6,2,0,9239.5,1587,1227.5,960.5
"MB","ON",8,21,1,217.5,704.5,1227.5,960.5
"MB","PA",7,0,1,9103,2311,1227.5,960.5
"MB","FL",5,0,1,735.5,4509,1227.5,960.5
"MB","WA",1,5,0,14070,13502,1227.5,960.5
"MB","IL",1,2,0,10933,7309,1227.5,960.5
"MB","FL",10,0,1,735.5,4509,1227.5,960.5
"MB","NJ",6,1,1,9239.5,1587,1227.5,960.5
"MB","IL",8,2,0,10933,7309,1227.5,960.5
"MB","BC",11,33,0,1119,1460,1227.5,960.5
"MB","PA",5,1,1,9103,2311,1227.5,960.5
"MB","CA",6,14,0,4879,12768,1227.5,960.5
"MB","ON",9,169,0,217.5,704.5,1227.5,960.5
"MB","IL",12,3,0,10933,7309,1227.5,960.5
"MB","CA",2,2,1,4879,12768,1227.5,960.5
"MB","NJ",9,1,1,9239.5,1587,1227.5,960.5
"MB","TX",10,2,0,1750,9773.5,1227.5,960.5
"MB","WA",5,1,1,14070,13502,1227.5,960.5
"MB","WA",9,3,1,14070,13502,1227.5,960.5
"MB","ON",6,27,1,217.5,704.5,1227.5,960.5
"MB","NY",3,1,1,10905,1326,1227.5,960.5
"MB","IL",6,9,0,10933,7309,1227.5,960.5
"MB","BC",11,7,1,1119,1460,1227.5,960.5
"MB","NY",7,1,0,10905,1326,1227.5,960.5
"MB","CA",11,0,1,4879,12768,1227.5,960.5
"MB","NJ",9,2,0,9239.5,1587,1227.5,960.5
"MB","WA",6,3,0,14070,13502,1227.5,960.5
"MB","CA",8,5,1,4879,12768,1227.5,960.5
"MB","BC",7,8,1,1119,1460,1227.5,960.5
"MB","BC",10,5,1,1119,1460,1227.5,960.5
"MB","NY",1,1,0,10905,1326,1227.5,960.5
"MB","BC",8,4,1,1119,1460,1227.5,960.5
"MB","CA",3,2,0,4879,12768,1227.5,960.5
"MB","IL",5,0,1,10933,7309,1227.5,960.5
"MB","FL",6,2,1,735.5,4509,1227.5,960.5
"MB","ON",3,89,0,217.5,704.5,1227.5,960.5
"MB","FL",3,0,1,735.5,4509,1227.5,960.5
"MB","WA",3,2,0,14070,13502,1227.5,960.5
"MB","TX",6,5,0,1750,9773.5,1227.5,960.5
"MB","NY",6,9,0,10905,1326,1227.5,960.5
"MB","ON",11,27,1,217.5,704.5,1227.5,960.5
"MB","NY",6,1,1,10905,1326,1227.5,960.5
"MB","IL",7,2,0,10933,7309,1227.5,960.5
"MB","WA",4,0,1,14070,13502,1227.5,960.5
"MB","ON",7,145,0,217.5,704.5,1227.5,960.5
"MB","NY",5,2,1,10905,1326,1227.5,960.5
"MB","CA",5,27,0,4879,12768,1227.5,960.5
"MB","TX",3,5,0,1750,9773.5,1227.5,960.5
"MB","ON",1,28,1,217.5,704.5,1227.5,960.5
"MB","TX",1,3,0,1750,9773.5,1227.5,960.5
"MB","IL",3,0,1,10933,7309,1227.5,960.5
"MB","FL",2,2,1,735.5,4509,1227.5,960.5
"MB","CA",12,5,0,4879,12768,1227.5,960.5
"MB","WA",5,3,0,14070,13502,1227.5,960.5
"MB","BC",5,50,0,1119,1460,1227.5,960.5
"MB","FL",3,3,0,735.5,4509,1227.5,960.5
"MB","ON",1,128,0,217.5,704.5,1227.5,960.5
"MB","NY",4,0,1,10905,1326,1227.5,960.5
"MB","IL",5,2,0,10933,7309,1227.5,960.5
"MB","BC",1,9,1,1119,1460,1227.5,960.5
"MB","TX",9,1,1,1750,9773.5,1227.5,960.5
"MB","NJ",2,1,1,9239.5,1587,1227.5,960.5
"MB","ON",12,18,1,217.5,704.5,1227.5,960.5
"MB","IL",6,1,1,10933,7309,1227.5,960.5
"MB","CA",4,2,1,4879,12768,1227.5,960.5
"MB","FL",9,0,1,735.5,4509,1227.5,960.5
"MB","BC",1,36,0,1119,1460,1227.5,960.5
"MB","TX",2,0,1,1750,9773.5,1227.5,960.5
"MB","WA",10,1,1,14070,13502,1227.5,960.5
"MB","ON",4,28,1,217.5,704.5,1227.5,960.5
"MB","TX",9,7,0,1750,9773.5,1227.5,960.5
"MB","CA",4,8,0,4879,12768,1227.5,960.5
"MB","NY",1,0,1,10905,1326,1227.5,960.5
"MB","CA",3,1,1,4879,12768,1227.5,960.5
"MB","TX",8,0,1,1750,9773.5,1227.5,960.5
"MB","FL",9,1,0,735.5,4509,1227.5,960.5
"MB","TX",8,4,0,1750,9773.5,1227.5,960.5
"MB","TX",6,1,1,1750,9773.5,1227.5,960.5
"MB","TX",10,0,1,1750,9773.5,1227.5,960.5
"MB","BC",6,5,1,1119,1460,1227.5,960.5
"MB","CA",5,2,1,4879,12768,1227.5,960.5
"MB","IL",10,6,0,10933,7309,1227.5,960.5
"MB","ON",2,20,1,217.5,704.5,1227.5,960.5
"MB","FL",4,12,0,735.5,4509,1227.5,960.5
"MB","IL",2,1,1,10933,7309,1227.5,960.5
"MB","WA",2,1,1,14070,13502,1227.5,960.5
"MB","ON",9,25,1,217.5,704.5,1227.5,960.5
"MB","CA",9,1,1,4879,12768,1227.5,960.5
"MB","NJ",2,2,0,9239.5,1587,1227.5,960.5
"MB","BC",6,40,0,1119,1460,1227.5,960.5
"MB","BC",4,9,1,1119,1460,1227.5,960.5
"MB","NY",2,23,0,10905,1326,1227.5,960.5
"MB","CA",1,1,1,4879,12768,1227.5,960.5
"MB","FL",4,4,1,735.5,4509,1227.5,960.5
"MB","WA",6,1,1,14070,13502,1227.5,960.5
"MB","IL",7,0,1,10933,7309,1227.5,960.5
"MB","ON",10,129,0,217.5,704.5,1227.5,960.5
"MB","ON",12,113,0,217.5,704.5,1227.5,960.5
"MB","WA",10,3,0,14070,13502,1227.5,960.5
"MB","ON",10,24,1,217.5,704.5,1227.5,960.5
"MB","ON",11,144,0,217.5,704.5,1227.5,960.5
"MB","PA",7,1,0,9103,2311,1227.5,960.5
"MB","CA",7,2,1,4879,12768,1227.5,960.5
"NB","ON",5,78,0,217.5,704.5,644,160
"NB","CA",5,1,0,4879,12768,644,160
"NB","NJ",7,1,1,9239.5,1587,644,160
"NB","ON",4,6,1,217.5,704.5,644,160
"NB","CA",9,7,0,4879,12768,644,160
"NB","IL",3,2,1,10933,7309,644,160
"NB","BC",5,2,0,1119,1460,644,160
"NB","NJ",7,3,0,9239.5,1587,644,160
"NB","CA",1,4,0,4879,12768,644,160
"NB","WA",6,1,0,14070,13502,644,160
"NB","ON",12,24,0,217.5,704.5,644,160
"NB","IL",5,0,1,10933,7309,644,160
"NB","ON",5,18,1,217.5,704.5,644,160
"NB","FL",6,1,1,735.5,4509,644,160
"NB","CA",4,7,0,4879,12768,644,160
"NB","ON",1,12,0,217.5,704.5,644,160
"NB","ON",2,1,1,217.5,704.5,644,160
"NB","ON",10,14,0,217.5,704.5,644,160
"NB","ON",9,78,0,217.5,704.5,644,160
"NB","NY",9,1,1,10905,1326,644,160
"NB","IL",5,2,0,10933,7309,644,160
"NB","TX",8,1,1,1750,9773.5,644,160
"NB","ON",12,7,1,217.5,704.5,644,160
"NB","ON",3,2,1,217.5,704.5,644,160
"NB","NJ",6,4,0,9239.5,1587,644,160
"NB","BC",7,5,0,1119,1460,644,160
"NB","CA",1,0,1,4879,12768,644,160
"NB","TX",6,1,0,1750,9773.5,644,160
"NB","ON",11,3,1,217.5,704.5,644,160
"NB","PA",9,2,0,9103,2311,644,160
"NB","BC",8,18,0,1119,1460,644,160
"NB","FL",7,5,0,735.5,4509,644,160
"NB","WA",10,2,0,14070,13502,644,160
"NB","ON",2,13,0,217.5,704.5,644,160
"NB","TX",4,0,1,1750,9773.5,644,160
"NB","CA",8,6,0,4879,12768,644,160
"NB","ON",11,17,0,217.5,704.5,644,160
"NB","FL",9,13,0,735.5,4509,644,160
"NB","NY",9,3,0,10905,1326,644,160
"NB","TX",8,2,0,1750,9773.5,644,160
"NB","FL",9,1,1,735.5,4509,644,160
"NB","CA",4,3,1,4879,12768,644,160
"NB","NJ",4,1,1,9239.5,1587,644,160
"NB","PA",8,0,1,9103,2311,644,160
"NB","ON",7,33,1,217.5,704.5,644,160
"NB","NY",8,2,0,10905,1326,644,160
"NB","CA",5,0,1,4879,12768,644,160
"NB","NY",6,2,0,10905,1326,644,160
"NB","FL",12,3,0,735.5,4509,644,160
"NB","BC",7,2,1,1119,1460,644,160
"NB","CA",12,2,0,4879,12768,644,160
"NB","IL",3,6,0,10933,7309,644,160
"NB","ON",8,126,0,217.5,704.5,644,160
"NB","ON",3,11,0,217.5,704.5,644,160
"NB","PA",9,1,1,9103,2311,644,160
"NB","FL",6,7,0,735.5,4509,644,160
"NB","CA",12,1,1,4879,12768,644,160
"NB","IL",6,4,0,10933,7309,644,160
"NB","NJ",4,2,0,9239.5,1587,644,160
"NB","ON",10,4,1,217.5,704.5,644,160
"NB","NY",7,1,0,10905,1326,644,160
"NB","ON",1,4,1,217.5,704.5,644,160
"NB","NY",7,0,1,10905,1326,644,160
"NB","CA",8,0,1,4879,12768,644,160
"NB","ON",4,34,0,217.5,704.5,644,160
"NB","CA",2,3,0,4879,12768,644,160
"NB","FL",7,2,1,735.5,4509,644,160
"NB","WA",6,0,1,14070,13502,644,160
"NB","FL",12,1,1,735.5,4509,644,160
"NB","ON",9,14,1,217.5,704.5,644,160
"NB","TX",6,0,1,1750,9773.5,644,160
"NB","BC",5,1,1,1119,1460,644,160
"NB","NJ",6,1,1,9239.5,1587,644,160
"NB","WA",10,0,1,14070,13502,644,160
"NB","IL",6,2,1,10933,7309,644,160
"NB","NY",10,1,1,10905,1326,644,160
"NB","NY",10,2,0,10905,1326,644,160
"NB","ON",6,111,0,217.5,704.5,644,160
"NB","PA",8,4,0,9103,2311,644,160
"NB","CA",2,1,1,4879,12768,644,160
"NB","BC",8,4,1,1119,1460,644,160
"NB","CA",9,2,1,4879,12768,644,160
"NB","ON",8,20,1,217.5,704.5,644,160
"NB","ON",7,169,0,217.5,704.5,644,160
"NB","TX",4,1,0,1750,9773.5,644,160
"NB","ON",6,24,1,217.5,704.5,644,160
"NB","NY",6,1,1,10905,1326,644,160
"NB","NY",8,0,1,10905,1326,644,160
"NL","BC",11,1,1,1119,1460,954,10
"NL","NJ",10,1,1,9239.5,1587,954,10
"NL","BC",11,2,0,1119,1460,954,10
"NL","ON",12,4,0,217.5,704.5,954,10
"NL","TX",3,0,1,1750,9773.5,954,10
"NL","PA",1,0,1,9103,2311,954,10
"NL","CA",6,1,0,4879,12768,954,10
"NL","BC",7,0,1,1119,1460,954,10
"NL","FL",1,1,1,735.5,4509,954,10
"NL","TX",9,1,1,1750,9773.5,954,10
"NL","PA",12,2,1,9103,2311,954,10
"NL","TX",1,1,1,1750,9773.5,954,10
"NL","NY",7,0,1,10905,1326,954,10
"NL","NY",4,1,1,10905,1326,954,10
"NL","BC",8,5,1,1119,1460,954,10
"NL","ON",4,2,1,217.5,704.5,954,10
"NL","ON",2,5,0,217.5,704.5,954,10
"NL","ON",10,3,0,217.5,704.5,954,10
"NL","CA",6,0,1,4879,12768,954,10
"NL","BC",6,2,1,1119,1460,954,10
"NL","BC",9,25,0,1119,1460,954,10
"NL","ON",7,23,0,217.5,704.5,954,10
"NL","BC",12,9,0,1119,1460,954,10
"NL","NY",8,0,1,10905,1326,954,10
"NL","ON",1,2,1,217.5,704.5,954,10
"NL","NY",5,0,1,10905,1326,954,10
"NL","NJ",12,0,1,9239.5,1587,954,10
"NL","CA",3,0,1,4879,12768,954,10
"NL","IL",6,4,0,10933,7309,954,10
"NL","PA",12,4,0,9103,2311,954,10
"NL","NY",8,2,0,10905,1326,954,10
"NL","NY",12,0,1,10905,1326,954,10
"NL","NY",4,5,0,10905,1326,954,10
"NL","BC",10,2,1,1119,1460,954,10
"NL","BC",9,6,1,1119,1460,954,10
"NL","ON",8,14,0,217.5,704.5,954,10
"NL","IL",6,1,1,10933,7309,954,10
"NL","BC",5,0,1,1119,1460,954,10
"NL","ON",8,1,1,217.5,704.5,954,10
"NL","BC",3,2,0,1119,1460,954,10
"NL","NY",11,2,1,10905,1326,954,10
"NL","NY",12,1,0,10905,1326,954,10
"NL","ON",2,1,1,217.5,704.5,954,10
"NL","ON",3,2,1,217.5,704.5,954,10
"NL","PA",10,2,0,9103,2311,954,10
"NL","IL",3,1,1,10933,7309,954,10
"NL","NY",11,6,0,10905,1326,954,10
"NL","ON",1,5,0,217.5,704.5,954,10
"NL","NJ",10,3,0,9239.5,1587,954,10
"NL","ON",3,26,0,217.5,704.5,954,10
"NL","TX",3,2,0,1750,9773.5,954,10
"NL","FL",1,3,0,735.5,4509,954,10
"NL","FL",4,7,0,735.5,4509,954,10
"NL","NY",6,1,1,10905,1326,954,10
"NL","TX",1,3,0,1750,9773.5,954,10
"NL","IL",3,2,0,10933,7309,954,10
"NL","FL",11,1,1,735.5,4509,954,10
"NL","FL",11,4,0,735.5,4509,954,10
"NL","BC",5,1,0,1119,1460,954,10
"NL","TX",9,2,0,1750,9773.5,954,10
"NL","BC",6,8,0,1119,1460,954,10
"NL","BC",7,2,0,1119,1460,954,10
"NL","FL",4,1,1,735.5,4509,954,10
"NL","NJ",12,2,0,9239.5,1587,954,10
"NL","CA",7,1,1,4879,12768,954,10
"NL","ON",9,7,1,217.5,704.5,954,10
"NL","PA",1,2,0,9103,2311,954,10
"NL","ON",6,6,1,217.5,704.5,954,10
"NL","ON",6,21,0,217.5,704.5,954,10
"NL","CA",3,1,0,4879,12768,954,10
"NL","ON",12,2,1,217.5,704.5,954,10
"NL","ON",11,4,1,217.5,704.5,954,10
"NL","NY",7,7,0,10905,1326,954,10
"NL","PA",5,1,0,9103,2311,954,10
"NL","BC",3,1,1,1119,1460,954,10
"NL","ON",11,12,0,217.5,704.5,954,10
"NL","PA",10,0,1,9103,2311,954,10
"NL","ON",5,8,1,217.5,704.5,954,10
"NL","ON",5,30,0,217.5,704.5,954,10
"NL","NJ",4,0,1,9239.5,1587,954,10
"NL","FL",7,1,1,735.5,4509,954,10
"NL","ON",9,42,0,217.5,704.5,954,10
"NL","ON",10,1,1,217.5,704.5,954,10
"NL","BC",2,0,1,1119,1460,954,10
"NL","NY",6,16,0,10905,1326,954,10
"NL","BC",12,3,1,1119,1460,954,10
"NL","BC",10,4,0,1119,1460,954,10
"NL","BC",2,1,0,1119,1460,954,10
"NL","NJ",4,1,0,9239.5,1587,954,10
"NL","ON",4,13,0,217.5,704.5,954,10
"NL","CA",7,3,0,4879,12768,954,10
"NL","FL",7,2,0,735.5,4509,954,10
"NL","PA",5,0,1,9103,2311,954,10
"NL","NY",5,6,0,10905,1326,954,10
"NL","BC",8,14,0,1119,1460,954,10
"NL","ON",7,5,1,217.5,704.5,954,10
"NS","NY",6,1,1,10905,1326,364,76
"NS","NJ",12,1,1,9239.5,1587,364,76
"NS","NY",12,0,1,10905,1326,364,76
"NS","ON",7,38,1,217.5,704.5,364,76
"NS","ON",8,18,1,217.5,704.5,364,76
"NS","ON",9,11,1,217.5,704.5,364,76
"NS","NY",7,0,1,10905,1326,364,76
"NS","NY",12,1,0,10905,1326,364,76
"NS","PA",6,1,1,9103,2311,364,76
"NS","NJ",3,5,0,9239.5,1587,364,76
"NS","ON",12,36,0,217.5,704.5,364,76
"NS","WA",8,0,1,14070,13502,364,76
"NS","TX",6,6,1,1750,9773.5,364,76
"NS","BC",1,9,0,1119,1460,364,76
"NS","PA",12,0,1,9103,2311,364,76
"NS","NY",9,0,1,10905,1326,364,76
"NS","NY",3,4,0,10905,1326,364,76
"NS","WA",3,1,1,14070,13502,364,76
"NS","BC",9,3,1,1119,1460,364,76
"NS","PA",7,35,0,9103,2311,364,76
"NS","BC",2,16,0,1119,1460,364,76
"NS","IL",2,0,1,10933,7309,364,76
"NS","FL",6,3,0,735.5,4509,364,76
"NS","PA",9,1,1,9103,2311,364,76
"NS","BC",5,2,1,1119,1460,364,76
"NS","WA",1,3,0,14070,13502,364,76
"NS","CA",12,2,0,4879,12768,364,76
"NS","FL",9,2,1,735.5,4509,364,76
"NS","TX",10,19,0,1750,9773.5,364,76
"NS","FL",11,1,0,735.5,4509,364,76
"NS","NY",4,7,0,10905,1326,364,76
"NS","ON",6,34,1,217.5,704.5,364,76
"NS","FL",7,23,0,735.5,4509,364,76
"NS","CA",4,3,1,4879,12768,364,76
"NS","NJ",12,2,0,9239.5,1587,364,76
"NS","CA",8,10,0,4879,12768,364,76
"NS","PA",5,0,1,9103,2311,364,76
"NS","TX",8,1,0,1750,9773.5,364,76
"NS","PA",9,5,0,9103,2311,364,76
"NS","BC",10,5,0,1119,1460,364,76
"NS","NJ",8,18,0,9239.5,1587,364,76
"NS","FL",8,0,1,735.5,4509,364,76
"NS","PA",8,2,1,9103,2311,364,76
"NS","WA",2,3,0,14070,13502,364,76
"NS","FL",2,10,0,735.5,4509,364,76
"NS","BC",12,0,1,1119,1460,364,76
"NS","BC",7,6,1,1119,1460,364,76
"NS","NY",4,2,1,10905,1326,364,76
"NS","FL",9,27,0,735.5,4509,364,76
"NS","NY",7,1,0,10905,1326,364,76
"NS","IL",5,8,0,10933,7309,364,76
"NS","CA",2,0,1,4879,12768,364,76
"NS","BC",5,25,0,1119,1460,364,76
"NS","TX",4,1,1,1750,9773.5,364,76
"NS","CA",10,4,0,4879,12768,364,76
"NS","IL",4,1,1,10933,7309,364,76
"NS","BC",7,35,0,1119,1460,364,76
"NS","CA",10,0,1,4879,12768,364,76
"NS","BC",6,2,1,1119,1460,364,76
"NS","NJ",4,3,0,9239.5,1587,364,76
"NS","ON",4,58,0,217.5,704.5,364,76
"NS","NJ",7,1,1,9239.5,1587,364,76
"NS","FL",2,1,1,735.5,4509,364,76
"NS","WA",8,1,0,14070,13502,364,76
"NS","BC",9,19,0,1119,1460,364,76
"NS","BC",12,2,0,1119,1460,364,76
"NS","FL",11,0,1,735.5,4509,364,76
"NS","BC",6,18,0,1119,1460,364,76
"NS","TX",7,4,0,1750,9773.5,364,76
"NS","PA",4,1,1,9103,2311,364,76
"NS","BC",2,4,1,1119,1460,364,76
"NS","ON",10,70,0,217.5,704.5,364,76
"NS","NY",5,2,1,10905,1326,364,76
"NS","ON",4,9,1,217.5,704.5,364,76
"NS","ON",10,14,1,217.5,704.5,364,76
"NS","CA",6,2,1,4879,12768,364,76
"NS","WA",6,0,1,14070,13502,364,76
"NS","ON",7,303,0,217.5,704.5,364,76
"NS","PA",4,7,0,9103,2311,364,76
"NS","ON",8,148,0,217.5,704.5,364,76
"NS","NJ",7,3,0,9239.5,1587,364,76
"NS","NJ",8,2,1,9239.5,1587,364,76
"NS","FL",5,1,1,735.5,4509,364,76
"NS","ON",11,7,1,217.5,704.5,364,76
"NS","BC",4,9,0,1119,1460,364,76
"NS","TX",1,2,0,1750,9773.5,364,76
"NS","WA",2,1,1,14070,13502,364,76
"NS","ON",5,27,1,217.5,704.5,364,76
"NS","PA",8,15,0,9103,2311,364,76
"NS","ON",12,4,1,217.5,704.5,364,76
"NS","CA",5,21,0,4879,12768,364,76
"NS","NY",8,3,1,10905,1326,364,76
"NS","ON",2,58,0,217.5,704.5,364,76
"NS","TX",8,0,1,1750,9773.5,364,76
"NS","BC",8,36,0,1119,1460,364,76
"NS","ON",11,44,0,217.5,704.5,364,76
"NS","CA",9,2,1,4879,12768,364,76
"NS","CA",7,12,0,4879,12768,364,76
"NS","PA",7,4,1,9103,2311,364,76
"NS","WA",3,3,0,14070,13502,364,76
"NS","FL",7,4,1,735.5,4509,364,76
"NS","ON",3,12,1,217.5,704.5,364,76
"NS","IL",6,6,0,10933,7309,364,76
"NS","IL",7,3,1,10933,7309,364,76
"NS","NJ",4,1,1,9239.5,1587,364,76
"NS","ON",1,17,0,217.5,704.5,364,76
"NS","IL",5,3,1,10933,7309,364,76
"NS","WA",6,1,0,14070,13502,364,76
"NS","BC",3,1,1,1119,1460,364,76
"NS","FL",5,4,0,735.5,4509,364,76
"NS","CA",5,1,1,4879,12768,364,76
"NS","NJ",3,0,1,9239.5,1587,364,76
"NS","CA",3,6,0,4879,12768,364,76
"NS","ON",1,3,1,217.5,704.5,364,76
"NS","TX",10,1,1,1750,9773.5,364,76
"NS","FL",4,4,0,735.5,4509,364,76
"NS","BC",3,6,0,1119,1460,364,76
"NS","TX",6,20,0,1750,9773.5,364,76
"NS","NJ",6,18,0,9239.5,1587,364,76
"NS","FL",8,30,0,735.5,4509,364,76
"NS","IL",7,20,0,10933,7309,364,76
"NS","FL",6,0,1,735.5,4509,364,76
"NS","PA",12,6,0,9103,2311,364,76
"NS","IL",3,3,0,10933,7309,364,76
"NS","ON",3,70,0,217.5,704.5,364,76
"NS","CA",12,1,1,4879,12768,364,76
"NS","TX",7,1,1,1750,9773.5,364,76
"NS","CA",1,2,0,4879,12768,364,76
"NS","NY",8,21,0,10905,1326,364,76
"NS","WA",1,0,1,14070,13502,364,76
"NS","CA",6,10,0,4879,12768,364,76
"NS","FL",4,0,1,735.5,4509,364,76
"NS","CA",1,0,1,4879,12768,364,76
"NS","CA",8,0,1,4879,12768,364,76
"NS","BC",11,2,1,1119,1460,364,76
"NS","CA",4,34,0,4879,12768,364,76
"NS","IL",2,2,0,10933,7309,364,76
"NS","NJ",6,6,1,9239.5,1587,364,76
"NS","TX",4,4,0,1750,9773.5,364,76
"NS","IL",6,2,1,10933,7309,364,76
"NS","BC",10,0,1,1119,1460,364,76
"NS","BC",1,0,1,1119,1460,364,76
"NS","NY",5,5,0,10905,1326,364,76
"NS","NY",9,3,0,10905,1326,364,76
"NS","ON",5,159,0,217.5,704.5,364,76
"NS","NY",3,1,1,10905,1326,364,76
"NS","CA",7,2,1,4879,12768,364,76
"NS","TX",1,0,1,1750,9773.5,364,76
"NS","CA",2,1,0,4879,12768,364,76
"NS","BC",8,5,1,1119,1460,364,76
"NS","NY",6,15,0,10905,1326,364,76
"NS","ON",2,10,1,217.5,704.5,364,76
"NS","CA",3,0,1,4879,12768,364,76
"NS","CA",9,5,0,4879,12768,364,76
"NS","BC",11,8,0,1119,1460,364,76
"NS","PA",5,3,0,9103,2311,364,76
"NS","ON",9,77,0,217.5,704.5,364,76
"NS","IL",4,4,0,10933,7309,364,76
"NS","IL",3,1,1,10933,7309,364,76
"NS","ON",6,247,0,217.5,704.5,364,76
"NS","PA",6,9,0,9103,2311,364,76
"NS","BC",4,2,1,1119,1460,364,76
"NT","BC",3,2,0,1119,1460,1656,1419
"NT","BC",7,1,0,1119,1460,1656,1419
"NT","IL",11,2,1,10933,7309,1656,1419
"NT","BC",11,8,0,1119,1460,1656,1419
"NT","BC",3,0,1,1119,1460,1656,1419
"NT","CA",1,1,1,4879,12768,1656,1419
"NT","ON",4,2,0,217.5,704.5,1656,1419
"NT","ON",7,0,1,217.5,704.5,1656,1419
"NT","CA",8,0,1,4879,12768,1656,1419
"NT","CA",4,1,0,4879,12768,1656,1419
"NT","CA",4,0,1,4879,12768,1656,1419
"NT","CA",8,5,0,4879,12768,1656,1419
"NT","BC",11,0,1,1119,1460,1656,1419
"NT","TX",11,2,0,1750,9773.5,1656,1419
"NT","BC",10,0,1,1119,1460,1656,1419
"NT","BC",12,0,1,1119,1460,1656,1419
"NT","BC",1,3,0,1119,1460,1656,1419
"NT","TX",8,2,0,1750,9773.5,1656,1419
"NT","ON",6,2,1,217.5,704.5,1656,1419
"NT","NJ",5,1,0,9239.5,1587,1656,1419
"NT","BC",1,1,1,1119,1460,1656,1419
"NT","ON",6,10,0,217.5,704.5,1656,1419
"NT","TX",8,1,1,1750,9773.5,1656,1419
"NT","IL",11,4,0,10933,7309,1656,1419
"NT","BC",6,2,0,1119,1460,1656,1419
"NT","BC",7,0,1,1119,1460,1656,1419
"NT","BC",12,2,0,1119,1460,1656,1419
"NT","ON",11,1,1,217.5,704.5,1656,1419
"NT","ON",7,6,0,217.5,704.5,1656,1419
"NT","ON",9,2,0,217.5,704.5,1656,1419
"NT","ON",11,13,0,217.5,704.5,1656,1419
"NT","TX",11,1,1,1750,9773.5,1656,1419
"NT","NJ",5,0,1,9239.5,1587,1656,1419
"NT","ON",9,0,1,217.5,704.5,1656,1419
"NT","CA",1,3,0,4879,12768,1656,1419
"NT","BC",6,0,1,1119,1460,1656,1419
"NT","BC",10,1,0,1119,1460,1656,1419
"NT","ON",4,1,1,217.5,704.5,1656,1419
"ON","CA",8,272,0,4879,12768,217.5,704.5
"ON","CA",9,19,1,4879,12768,217.5,704.5
"ON","TX",4,14,1,1750,9773.5,217.5,704.5
"ON","TX",10,12,1,1750,9773.5,217.5,704.5
"ON","FL",9,200,0,735.5,4509,217.5,704.5
"ON","CA",3,133,0,4879,12768,217.5,704.5
"ON","IL",3,138,0,10933,7309,217.5,704.5
"ON","IL",9,167,0,10933,7309,217.5,704.5
"ON","ON",11,5051,0,217.5,704.5,217.5,704.5
"ON","BC",7,62,1,1119,1460,217.5,704.5
"ON","TX",5,19,1,1750,9773.5,217.5,704.5
"ON","IL",11,15,1,10933,7309,217.5,704.5
"ON","CA",4,226,0,4879,12768,217.5,704.5
"ON","FL",7,171,0,735.5,4509,217.5,704.5
"ON","NJ",9,16,1,9239.5,1587,217.5,704.5
"ON","ON",6,657,1,217.5,704.5,217.5,704.5
"ON","TX",2,9,1,1750,9773.5,217.5,704.5
"ON","NJ",4,10,1,9239.5,1587,217.5,704.5
"ON","NY",5,57,1,10905,1326,217.5,704.5
"ON","WA",5,8,1,14070,13502,217.5,704.5
"ON","ON",12,5406,0,217.5,704.5,217.5,704.5
"ON","NY",3,556,0,10905,1326,217.5,704.5
"ON","TX",9,83,0,1750,9773.5,217.5,704.5
"ON","WA",4,5,1,14070,13502,217.5,704.5
"ON","FL",3,16,1,735.5,4509,217.5,704.5
"ON","PA",4,17,1,9103,2311,217.5,704.5
"ON","NJ",3,10,1,9239.5,1587,217.5,704.5
"ON","ON",9,5684,0,217.5,704.5,217.5,704.5
"ON","ON",10,603,1,217.5,704.5,217.5,704.5
"ON","IL",6,22,1,10933,7309,217.5,704.5
"ON","ON",4,503,1,217.5,704.5,217.5,704.5
"ON","BC",6,59,1,1119,1460,217.5,704.5
"ON","FL",5,207,0,735.5,4509,217.5,704.5
"ON","WA",9,6,1,14070,13502,217.5,704.5
"ON","ON",10,4903,0,217.5,704.5,217.5,704.5
"ON","CA",6,39,1,4879,12768,217.5,704.5
"ON","NY",9,581,0,10905,1326,217.5,704.5
"ON","TX",7,12,1,1750,9773.5,217.5,704.5
"ON","ON",2,4594,0,217.5,704.5,217.5,704.5
"ON","WA",9,31,0,14070,13502,217.5,704.5
"ON","WA",10,16,0,14070,13502,217.5,704.5
"ON","TX",10,93,0,1750,9773.5,217.5,704.5
"ON","PA",1,77,0,9103,2311,217.5,704.5
"ON","TX",11,69,0,1750,9773.5,217.5,704.5
"ON","ON",8,8191,0,217.5,704.5,217.5,704.5
"ON","BC",3,306,0,1119,1460,217.5,704.5
"ON","IL",6,229,0,10933,7309,217.5,704.5
"ON","BC",9,66,1,1119,1460,217.5,704.5
"ON","TX",5,181,0,1750,9773.5,217.5,704.5
"ON","NJ",7,489,0,9239.5,1587,217.5,704.5
"ON","FL",6,14,1,735.5,4509,217.5,704.5
"ON","NY",1,27,1,10905,1326,217.5,704.5
"ON","ON",5,604,1,217.5,704.5,217.5,704.5
"ON","BC",5,51,1,1119,1460,217.5,704.5
"ON","IL",10,125,0,10933,7309,217.5,704.5
"ON","CA",7,39,1,4879,12768,217.5,704.5
"ON","NY",7,73,1,10905,1326,217.5,704.5
"ON","TX",3,102,0,1750,9773.5,217.5,704.5
"ON","NY",4,44,1,10905,1326,217.5,704.5
"ON","FL",11,86,0,735.5,4509,217.5,704.5
"ON","IL",10,15,1,10933,7309,217.5,704.5
"ON","WA",12,3,1,14070,13502,217.5,704.5
"ON","NJ",1,61,0,9239.5,1587,217.5,704.5
"ON","TX",8,204,0,1750,9773.5,217.5,704.5
"ON","IL",12,7,1,10933,7309,217.5,704.5
"ON","IL",4,172,0,10933,7309,217.5,704.5
"ON","FL",6,225,0,735.5,4509,217.5,704.5
"ON","NJ",7,34,1,9239.5,1587,217.5,704.5
"ON","FL",3,114,0,735.5,4509,217.5,704.5
"ON","PA",2,109,0,9103,2311,217.5,704.5
"ON","BC",4,435,0,1119,1460,217.5,704.5
"ON","PA",12,77,0,9103,2311,217.5,704.5
"ON","CA",10,18,1,4879,12768,217.5,704.5
"ON","WA",4,30,0,14070,13502,217.5,704.5
"ON","NY",7,1221,0,10905,1326,217.5,704.5
"ON","WA",11,19,0,14070,13502,217.5,704.5
"ON","NJ",10,70,0,9239.5,1587,217.5,704.5
"ON","FL",11,12,1,735.5,4509,217.5,704.5
"ON","PA",5,229,0,9103,2311,217.5,704.5
"ON","CA",3,18,1,4879,12768,217.5,704.5
"ON","ON",2,519,1,217.5,704.5,217.5,704.5
"ON","IL",4,21,1,10933,7309,217.5,704.5
"ON","PA",10,12,1,9103,2311,217.5,704.5
"ON","BC",11,30,1,1119,1460,217.5,704.5
"ON","WA",6,50,0,14070,13502,217.5,704.5
"ON","WA",5,59,0,14070,13502,217.5,704.5
"ON","PA",3,114,0,9103,2311,217.5,704.5
"ON","IL",11,138,0,10933,7309,217.5,704.5
"ON","IL",7,330,0,10933,7309,217.5,704.5
"ON","IL",3,16,1,10933,7309,217.5,704.5
"ON","TX",4,145,0,1750,9773.5,217.5,704.5
"ON","NJ",4,168,0,9239.5,1587,217.5,704.5
"ON","IL",5,230,0,10933,7309,217.5,704.5
"ON","IL",8,324,0,10933,7309,217.5,704.5
"ON","BC",10,263,0,1119,1460,217.5,704.5
"ON","NJ",2,110,0,9239.5,1587,217.5,704.5
"ON","NJ",1,4,1,9239.5,1587,217.5,704.5
"ON","PA",1,7,1,9103,2311,217.5,704.5
"ON","CA",1,98,0,4879,12768,217.5,704.5
"ON","NJ",8,316,0,9239.5,1587,217.5,704.5
"ON","ON",7,7242,0,217.5,704.5,217.5,704.5
"ON","PA",7,439,0,9103,2311,217.5,704.5
"ON","NJ",11,94,0,9239.5,1587,217.5,704.5
"ON","ON",7,730,1,217.5,704.5,217.5,704.5
"ON","TX",11,6,1,1750,9773.5,217.5,704.5
"ON","NJ",11,13,1,9239.5,1587,217.5,704.5
"ON","NJ",6,33,1,9239.5,1587,217.5,704.5
"ON","WA",7,10,1,14070,13502,217.5,704.5
"ON","NY",12,335,0,10905,1326,217.5,704.5
"ON","NY",2,32,1,10905,1326,217.5,704.5
"ON","PA",2,9,1,9103,2311,217.5,704.5
"ON","ON",6,6364,0,217.5,704.5,217.5,704.5
"ON","TX",1,2,1,1750,9773.5,217.5,704.5
"ON","NY",4,590,0,10905,1326,217.5,704.5
"ON","NY",11,32,1,10905,1326,217.5,704.5
"ON","BC",12,246,0,1119,1460,217.5,704.5
"ON","BC",2,31,1,1119,1460,217.5,704.5
"ON","NY",8,89,1,10905,1326,217.5,704.5
"ON","ON",5,5784,0,217.5,704.5,217.5,704.5
"ON","FL",7,12,1,735.5,4509,217.5,704.5
"ON","IL",7,31,1,10933,7309,217.5,704.5
"ON","FL",8,21,1,735.5,4509,217.5,704.5
"ON","PA",9,12,1,9103,2311,217.5,704.5
"ON","BC",8,64,1,1119,1460,217.5,704.5
"ON","NY",9,64,1,10905,1326,217.5,704.5
"ON","PA",6,251,0,9103,2311,217.5,704.5
"ON","PA",8,21,1,9103,2311,217.5,704.5
"ON","CA",4,27,1,4879,12768,217.5,704.5
"ON","CA",2,126,0,4879,12768,217.5,704.5
"ON","CA",12,114,0,4879,12768,217.5,704.5
"ON","PA",11,100,0,9103,2311,217.5,704.5
"ON","TX",12,5,1,1750,9773.5,217.5,704.5
"ON","NJ",6,443,0,9239.5,1587,217.5,704.5
"ON","BC",2,273,0,1119,1460,217.5,704.5
"ON","TX",9,12,1,1750,9773.5,217.5,704.5
"ON","WA",11,2,1,14070,13502,217.5,704.5
"ON","BC",6,565,0,1119,1460,217.5,704.5
"ON","IL",2,68,0,10933,7309,217.5,704.5
"ON","FL",10,10,1,735.5,4509,217.5,704.5
"ON","WA",3,9,1,14070,13502,217.5,704.5
"ON","IL",12,67,0,10933,7309,217.5,704.5
"ON","WA",8,91,0,14070,13502,217.5,704.5
"ON","CA",7,458,0,4879,12768,217.5,704.5
"ON","WA",6,3,1,14070,13502,217.5,704.5
"ON","WA",2,29,0,14070,13502,217.5,704.5
"ON","FL",4,177,0,735.5,4509,217.5,704.5
"ON","TX",8,19,1,1750,9773.5,217.5,704.5
"ON","NY",3,52,1,10905,1326,217.5,704.5
"ON","CA",5,34,1,4879,12768,217.5,704.5
"ON","CA",2,12,1,4879,12768,217.5,704.5
"ON","NJ",3,139,0,9239.5,1587,217.5,704.5
"ON","ON",4,4837,0,217.5,704.5,217.5,704.5
"ON","NJ",2,14,1,9239.5,1587,217.5,704.5
"ON","NY",11,345,0,10905,1326,217.5,704.5
"ON","BC",5,421,0,1119,1460,217.5,704.5
"ON","BC",9,567,0,1119,1460,217.5,704.5
"ON","CA",8,24,1,4879,12768,217.5,704.5
"ON","BC",10,38,1,1119,1460,217.5,704.5
"ON","IL",5,25,1,10933,7309,217.5,704.5
"ON","CA",11,11,1,4879,12768,217.5,704.5
"ON","BC",8,516,0,1119,1460,217.5,704.5
"ON","PA",5,26,1,9103,2311,217.5,704.5
"ON","NY",10,404,0,10905,1326,217.5,704.5
"ON","PA",9,142,0,9103,2311,217.5,704.5
"ON","FL",2,8,1,735.5,4509,217.5,704.5
"ON","NY",5,680,0,10905,1326,217.5,704.5
"ON","ON",9,634,1,217.5,704.5,217.5,704.5
"ON","ON",1,3996,0,217.5,704.5,217.5,704.5
"ON","TX",7,135,0,1750,9773.5,217.5,704.5
"ON","TX",6,158,0,1750,9773.5,217.5,704.5
"ON","PA",8,256,0,9103,2311,217.5,704.5
"ON","NJ",5,205,0,9239.5,1587,217.5,704.5
"ON","ON",11,688,1,217.5,704.5,217.5,704.5
"ON","FL",1,88,0,735.5,4509,217.5,704.5
"ON","PA",6,21,1,9103,2311,217.5,704.5
"ON","CA",5,467,0,4879,12768,217.5,704.5
"ON","ON",3,4782,0,217.5,704.5,217.5,704.5
"ON","BC",12,16,1,1119,1460,217.5,704.5
"ON","FL",5,18,1,735.5,4509,217.5,704.5
"ON","FL",2,109,0,735.5,4509,217.5,704.5
"ON","NY",8,1167,0,10905,1326,217.5,704.5
"ON","TX",3,12,1,1750,9773.5,217.5,704.5
"ON","WA",1,2,1,14070,13502,217.5,704.5
"ON","NJ",8,27,1,9239.5,1587,217.5,704.5
"ON","IL",2,8,1,10933,7309,217.5,704.5
"ON","IL",1,1,1,10933,7309,217.5,704.5
"ON","NJ",5,16,1,9239.5,1587,217.5,704.5
"ON","WA",2,3,1,14070,13502,217.5,704.5
"ON","TX",2,76,0,1750,9773.5,217.5,704.5
"ON","BC",1,26,1,1119,1460,217.5,704.5
"ON","BC",4,51,1,1119,1460,217.5,704.5
"ON","WA",3,46,0,14070,13502,217.5,704.5
"ON","CA",9,190,0,4879,12768,217.5,704.5
"ON","ON",8,861,1,217.5,704.5,217.5,704.5
"ON","PA",4,201,0,9103,2311,217.5,704.5
"ON","ON",3,548,1,217.5,704.5,217.5,704.5
"ON","NY",1,197,0,10905,1326,217.5,704.5
"ON","TX",12,39,0,1750,9773.5,217.5,704.5
"ON","FL",12,136,0,735.5,4509,217.5,704.5
"ON","PA",12,16,1,9103,2311,217.5,704.5
"ON","CA",11,95,0,4879,12768,217.5,704.5
"ON","BC",11,178,0,1119,1460,217.5,704.5
"ON","NY",2,269,0,10905,1326,217.5,704.5
"ON","FL",8,158,0,735.5,4509,217.5,704.5
"ON","IL",1,31,0,10933,7309,217.5,704.5
"ON","WA",10,1,1,14070,13502,217.5,704.5
"ON","WA",7,74,0,14070,13502,217.5,704.5
"ON","NJ",12,121,0,9239.5,1587,217.5,704.5
"ON","NJ",9,260,0,9239.5,1587,217.5,704.5
"ON","IL",8,29,1,10933,7309,217.5,704.5
"ON","PA",10,95,0,9103,2311,217.5,704.5
"ON","NY",6,83,1,10905,1326,217.5,704.5
"ON","WA",8,8,1,14070,13502,217.5,704.5
"ON","CA",12,27,1,4879,12768,217.5,704.5
"ON","ON",1,507,1,217.5,704.5,217.5,704.5
"ON","CA",6,406,0,4879,12768,217.5,704.5
"ON","NY",6,923,0,10905,1326,217.5,704.5
"ON","PA",7,20,1,9103,2311,217.5,704.5
"ON","FL",12,15,1,735.5,4509,217.5,704.5
"ON","PA",11,12,1,9103,2311,217.5,704.5
"ON","PA",3,8,1,9103,2311,217.5,704.5
"ON","CA",10,140,0,4879,12768,217.5,704.5
"ON","NJ",10,7,1,9239.5,1587,217.5,704.5
"ON","BC",3,34,1,1119,1460,217.5,704.5
"ON","CA",1,12,1,4879,12768,217.5,704.5
"ON","NJ",12,12,1,9239.5,1587,217.5,704.5
"ON","TX",1,31,0,1750,9773.5,217.5,704.5
"ON","WA",12,19,0,14070,13502,217.5,704.5
"ON","ON",12,674,1,217.5,704.5,217.5,704.5
"ON","FL",9,15,1,735.5,4509,217.5,704.5
"ON","FL",1,9,1,735.5,4509,217.5,704.5
"ON","TX",6,16,1,1750,9773.5,217.5,704.5
"ON","IL",9,14,1,10933,7309,217.5,704.5
"ON","NY",10,60,1,10905,1326,217.5,704.5
"ON","BC",1,246,0,1119,1460,217.5,704.5
"ON","FL",10,121,0,735.5,4509,217.5,704.5
"ON","WA",1,17,0,14070,13502,217.5,704.5
"ON","BC",7,591,0,1119,1460,217.5,704.5
"ON","NY",12,33,1,10905,1326,217.5,704.5
"ON","FL",4,19,1,735.5,4509,217.5,704.5
"PEI","PA",6,28,0,9103,2311,716,54
"PEI","ON",11,3,1,217.5,704.5,716,54
"PEI","ON",3,29,0,217.5,704.5,716,54
"PEI","ON",9,29,0,217.5,704.5,716,54
"PEI","TX",8,0,1,1750,9773.5,716,54
"PEI","CA",8,12,0,4879,12768,716,54
"PEI","PA",8,0,1,9103,2311,716,54
"PEI","PA",7,32,0,9103,2311,716,54
"PEI","ON",7,271,0,217.5,704.5,716,54
"PEI","NJ",12,0,1,9239.5,1587,716,54
"PEI","CA",6,26,0,4879,12768,716,54
"PEI","NY",8,1,1,10905,1326,716,54
"PEI","IL",6,1,0,10933,7309,716,54
"PEI","FL",8,6,0,735.5,4509,716,54
"PEI","TX",11,0,1,1750,9773.5,716,54
"PEI","ON",8,7,1,217.5,704.5,716,54
"PEI","NJ",3,0,1,9239.5,1587,716,54
"PEI","FL",6,3,0,735.5,4509,716,54
"PEI","NY",9,0,1,10905,1326,716,54
"PEI","WA",10,1,1,14070,13502,716,54
"PEI","CA",7,9,0,4879,12768,716,54
"PEI","ON",10,39,0,217.5,704.5,716,54
"PEI","WA",8,0,1,14070,13502,716,54
"PEI","CA",3,3,0,4879,12768,716,54
"PEI","IL",5,6,0,10933,7309,716,54
"PEI","PA",3,1,0,9103,2311,716,54
"PEI","ON",5,9,1,217.5,704.5,716,54
"PEI","NY",6,5,0,10905,1326,716,54
"PEI","TX",11,2,0,1750,9773.5,716,54
"PEI","ON",5,93,0,217.5,704.5,716,54
"PEI","FL",9,0,1,735.5,4509,716,54
"PEI","FL",4,3,0,735.5,4509,716,54
"PEI","ON",2,3,1,217.5,704.5,716,54
"PEI","NY",8,23,0,10905,1326,716,54
"PEI","BC",8,1,1,1119,1460,716,54
"PEI","NY",2,4,0,10905,1326,716,54
"PEI","TX",8,4,0,1750,9773.5,716,54
"PEI","BC",6,6,1,1119,1460,716,54
"PEI","BC",11,10,0,1119,1460,716,54
"PEI","ON",11,39,0,217.5,704.5,716,54
"PEI","IL",8,3,0,10933,7309,716,54
"PEI","ON",12,3,1,217.5,704.5,716,54
"PEI","BC",5,0,1,1119,1460,716,54
"PEI","PA",8,4,0,9103,2311,716,54
"PEI","NJ",12,1,0,9239.5,1587,716,54
"PEI","BC",11,0,1,1119,1460,716,54
"PEI","FL",7,0,1,735.5,4509,716,54
"PEI","ON",8,125,0,217.5,704.5,716,54
"PEI","ON",4,67,0,217.5,704.5,716,54
"PEI","IL",5,2,1,10933,7309,716,54
"PEI","NY",4,1,1,10905,1326,716,54
"PEI","TX",12,4,0,1750,9773.5,716,54
"PEI","IL",3,5,0,10933,7309,716,54
"PEI","NY",1,2,0,10905,1326,716,54
"PEI","NJ",7,1,1,9239.5,1587,716,54
"PEI","TX",12,0,1,1750,9773.5,716,54
"PEI","ON",1,4,1,217.5,704.5,716,54
"PEI","CA",5,2,0,4879,12768,716,54
"PEI","BC",3,8,0,1119,1460,716,54
"PEI","ON",6,12,1,217.5,704.5,716,54
"PEI","CA",6,3,1,4879,12768,716,54
"PEI","TX",6,7,0,1750,9773.5,716,54
"PEI","IL",3,0,1,10933,7309,716,54
"PEI","ON",10,10,1,217.5,704.5,716,54
"PEI","IL",4,0,1,10933,7309,716,54
"PEI","CA",3,0,1,4879,12768,716,54
"PEI","BC",4,0,1,1119,1460,716,54
"PEI","NY",5,12,0,10905,1326,716,54
"PEI","NJ",5,0,1,9239.5,1587,716,54
"PEI","BC",4,6,0,1119,1460,716,54
"PEI","IL",6,0,1,10933,7309,716,54
"PEI","ON",2,20,0,217.5,704.5,716,54
"PEI","ON",6,164,0,217.5,704.5,716,54
"PEI","WA",8,1,0,14070,13502,716,54
"PEI","WA",10,5,0,14070,13502,716,54
"PEI","FL",2,0,1,735.5,4509,716,54
"PEI","BC",9,0,1,1119,1460,716,54
"PEI","ON",7,27,1,217.5,704.5,716,54
"PEI","TX",7,3,1,1750,9773.5,716,54
"PEI","CA",4,8,0,4879,12768,716,54
"PEI","TX",4,6,0,1750,9773.5,716,54
"PEI","NY",2,1,1,10905,1326,716,54
"PEI","NY",1,0,1,10905,1326,716,54
"PEI","CA",7,0,1,4879,12768,716,54
"PEI","NJ",11,3,0,9239.5,1587,716,54
"PEI","NJ",3,2,0,9239.5,1587,716,54
"PEI","NY",5,3,1,10905,1326,716,54
"PEI","WA",9,3,0,14070,13502,716,54
"PEI","BC",6,60,0,1119,1460,716,54
"PEI","FL",7,3,0,735.5,4509,716,54
"PEI","NY",9,5,0,10905,1326,716,54
"PEI","CA",4,0,1,4879,12768,716,54
"PEI","PA",3,0,1,9103,2311,716,54
"PEI","BC",9,2,0,1119,1460,716,54
"PEI","NY",4,10,0,10905,1326,716,54
"PEI","ON",9,4,1,217.5,704.5,716,54
"PEI","CA",8,2,1,4879,12768,716,54
"PEI","NY",7,11,0,10905,1326,716,54
"PEI","NJ",5,8,0,9239.5,1587,716,54
"PEI","PA",1,0,1,9103,2311,716,54
"PEI","WA",6,2,0,14070,13502,716,54
"PEI","BC",7,28,0,1119,1460,716,54
"PEI","TX",2,1,0,1750,9773.5,716,54
"PEI","IL",10,5,0,10933,7309,716,54
"PEI","WA",9,0,1,14070,13502,716,54
"PEI","PA",6,1,1,9103,2311,716,54
"PEI","IL",10,0,1,10933,7309,716,54
"PEI","NJ",11,1,1,9239.5,1587,716,54
"PEI","ON",12,21,0,217.5,704.5,716,54
"PEI","PA",7,5,1,9103,2311,716,54
"PEI","BC",8,7,0,1119,1460,716,54
"PEI","FL",4,1,1,735.5,4509,716,54
"PEI","IL",4,4,0,10933,7309,716,54
"PEI","TX",6,1,1,1750,9773.5,716,54
"PEI","NJ",6,2,1,9239.5,1587,716,54
"PEI","NY",7,2,1,10905,1326,716,54
"PEI","TX",7,12,0,1750,9773.5,716,54
"PEI","NJ",6,6,0,9239.5,1587,716,54
"PEI","TX",2,0,1,1750,9773.5,716,54
"PEI","WA",6,1,1,14070,13502,716,54
"PEI","TX",10,2,0,1750,9773.5,716,54
"PEI","TX",10,0,1,1750,9773.5,716,54
"PEI","NJ",7,5,0,9239.5,1587,716,54
"PEI","IL",8,1,1,10933,7309,716,54
"PEI","FL",6,1,1,735.5,4509,716,54
"PEI","FL",9,1,0,735.5,4509,716,54
"PEI","PA",1,4,0,9103,2311,716,54
"PEI","BC",5,8,0,1119,1460,716,54
"PEI","FL",8,0,1,735.5,4509,716,54
"PEI","FL",2,3,0,735.5,4509,716,54
"PEI","TX",4,1,1,1750,9773.5,716,54
"PEI","CA",5,1,1,4879,12768,716,54
"PEI","NY",6,1,1,10905,1326,716,54
"PEI","BC",3,2,1,1119,1460,716,54
"PEI","ON",3,4,1,217.5,704.5,716,54
"PEI","ON",1,22,0,217.5,704.5,716,54
"PEI","ON",4,4,1,217.5,704.5,716,54
"PEI","BC",7,5,1,1119,1460,716,54
"QC","NJ",12,4,1,9239.5,1587,668,337.5
"QC","BC",3,12,1,1119,1460,668,337.5
"QC","WA",11,5,0,14070,13502,668,337.5
"QC","FL",10,51,0,735.5,4509,668,337.5
"QC","NJ",10,31,0,9239.5,1587,668,337.5
"QC","PA",2,14,0,9103,2311,668,337.5
"QC","FL",7,8,1,735.5,4509,668,337.5
"QC","TX",7,5,1,1750,9773.5,668,337.5
"QC","ON",4,919,0,217.5,704.5,668,337.5
"QC","CA",6,165,0,4879,12768,668,337.5
"QC","TX",3,8,1,1750,9773.5,668,337.5
"QC","IL",12,15,0,10933,7309,668,337.5
"QC","CA",3,106,0,4879,12768,668,337.5
"QC","NY",9,21,1,10905,1326,668,337.5
"QC","PA",5,12,0,9103,2311,668,337.5
"QC","BC",6,11,1,1119,1460,668,337.5
"QC","CA",12,24,0,4879,12768,668,337.5
"QC","PA",11,28,0,9103,2311,668,337.5
"QC","ON",3,74,1,217.5,704.5,668,337.5
"QC","TX",10,14,0,1750,9773.5,668,337.5
"QC","FL",5,59,0,735.5,4509,668,337.5
"QC","IL",1,3,1,10933,7309,668,337.5
"QC","PA",8,2,1,9103,2311,668,337.5
"QC","NJ",8,98,0,9239.5,1587,668,337.5
"QC","CA",1,1,1,4879,12768,668,337.5
"QC","IL",1,15,0,10933,7309,668,337.5
"QC","NY",5,209,0,10905,1326,668,337.5
"QC","NY",11,15,1,10905,1326,668,337.5
"QC","FL",8,6,1,735.5,4509,668,337.5
"QC","IL",6,6,1,10933,7309,668,337.5
"QC","ON",5,89,1,217.5,704.5,668,337.5
"QC","PA",7,33,0,9103,2311,668,337.5
"QC","IL",7,60,0,10933,7309,668,337.5
"QC","TX",4,72,0,1750,9773.5,668,337.5
"QC","NY",12,168,0,10905,1326,668,337.5
"QC","CA",1,23,0,4879,12768,668,337.5
"QC","NJ",5,5,1,9239.5,1587,668,337.5
"QC","WA",9,18,0,14070,13502,668,337.5
"QC","NY",7,24,1,10905,1326,668,337.5
"QC","WA",7,3,1,14070,13502,668,337.5
"QC","ON",9,890,0,217.5,704.5,668,337.5
"QC","TX",9,4,1,1750,9773.5,668,337.5
"QC","FL",11,27,0,735.5,4509,668,337.5
"QC","TX",2,77,0,1750,9773.5,668,337.5
"QC","PA",11,3,1,9103,2311,668,337.5
"QC","TX",4,7,1,1750,9773.5,668,337.5
"QC","PA",3,5,1,9103,2311,668,337.5
"QC","IL",8,8,1,10933,7309,668,337.5
"QC","FL",7,73,0,735.5,4509,668,337.5
"QC","TX",1,20,0,1750,9773.5,668,337.5
"QC","WA",10,9,0,14070,13502,668,337.5
"QC","CA",8,138,0,4879,12768,668,337.5
"QC","TX",9,33,0,1750,9773.5,668,337.5
"QC","NY",1,6,1,10905,1326,668,337.5
"QC","NJ",10,3,1,9239.5,1587,668,337.5
"QC","BC",6,115,0,1119,1460,668,337.5
"QC","NY",5,18,1,10905,1326,668,337.5
"QC","IL",10,3,1,10933,7309,668,337.5
"QC","ON",4,68,1,217.5,704.5,668,337.5
"QC","FL",8,56,0,735.5,4509,668,337.5
"QC","PA",7,4,1,9103,2311,668,337.5
"QC","ON",1,499,0,217.5,704.5,668,337.5
"QC","NJ",6,98,0,9239.5,1587,668,337.5
"QC","BC",9,16,1,1119,1460,668,337.5
"QC","FL",9,77,0,735.5,4509,668,337.5
"QC","FL",1,1,1,735.5,4509,668,337.5
"QC","IL",3,7,0,10933,7309,668,337.5
"QC","ON",11,79,1,217.5,704.5,668,337.5
"QC","FL",10,9,1,735.5,4509,668,337.5
"QC","BC",3,87,0,1119,1460,668,337.5
"QC","NY",4,136,0,10905,1326,668,337.5
"QC","CA",5,301,0,4879,12768,668,337.5
"QC","WA",2,6,0,14070,13502,668,337.5
"QC","FL",11,3,1,735.5,4509,668,337.5
"QC","TX",5,6,1,1750,9773.5,668,337.5
"QC","TX",11,6,1,1750,9773.5,668,337.5
"QC","NJ",4,8,1,9239.5,1587,668,337.5
"QC","PA",6,8,1,9103,2311,668,337.5
"QC","PA",9,44,0,9103,2311,668,337.5
"QC","CA",6,21,1,4879,12768,668,337.5
"QC","CA",3,14,1,4879,12768,668,337.5
"QC","ON",5,932,0,217.5,704.5,668,337.5
"QC","NY",2,102,0,10905,1326,668,337.5
"QC","WA",9,3,1,14070,13502,668,337.5
"QC","ON",11,733,0,217.5,704.5,668,337.5
"QC","IL",2,2,1,10933,7309,668,337.5
"QC","ON",6,120,1,217.5,704.5,668,337.5
"QC","CA",8,17,1,4879,12768,668,337.5
"QC","IL",11,2,1,10933,7309,668,337.5
"QC","WA",2,2,1,14070,13502,668,337.5
"QC","BC",5,8,1,1119,1460,668,337.5
"QC","TX",3,80,0,1750,9773.5,668,337.5
"QC","CA",9,52,0,4879,12768,668,337.5
"QC","TX",7,57,0,1750,9773.5,668,337.5
"QC","PA",9,4,1,9103,2311,668,337.5
"QC","TX",5,42,0,1750,9773.5,668,337.5
"QC","WA",5,20,0,14070,13502,668,337.5
"QC","IL",12,3,1,10933,7309,668,337.5
"QC","PA",6,86,0,9103,2311,668,337.5
"QC","NY",11,142,0,10905,1326,668,337.5
"QC","WA",6,18,0,14070,13502,668,337.5
"QC","NY",10,135,0,10905,1326,668,337.5
"QC","ON",1,64,1,217.5,704.5,668,337.5
"QC","NJ",11,0,1,9239.5,1587,668,337.5
"QC","ON",12,756,0,217.5,704.5,668,337.5
"QC","TX",8,6,1,1750,9773.5,668,337.5
"QC","WA",8,4,1,14070,13502,668,337.5
"QC","IL",6,44,0,10933,7309,668,337.5
"QC","IL",9,27,0,10933,7309,668,337.5
"QC","CA",11,43,0,4879,12768,668,337.5
"QC","NJ",7,14,1,9239.5,1587,668,337.5
"QC","NJ",9,6,1,9239.5,1587,668,337.5
"QC","ON",10,987,0,217.5,704.5,668,337.5
"QC","NY",8,21,1,10905,1326,668,337.5
"QC","IL",8,34,0,10933,7309,668,337.5
"QC","IL",5,44,0,10933,7309,668,337.5
"QC","IL",10,9,0,10933,7309,668,337.5
"QC","NY",9,235,0,10905,1326,668,337.5
"QC","NJ",1,103,0,9239.5,1587,668,337.5
"QC","ON",10,105,1,217.5,704.5,668,337.5
"QC","NY",10,20,1,10905,1326,668,337.5
"QC","TX",10,2,1,1750,9773.5,668,337.5
"QC","TX",12,2,1,1750,9773.5,668,337.5
"QC","WA",10,1,1,14070,13502,668,337.5
"QC","BC",7,174,0,1119,1460,668,337.5
"QC","TX",11,38,0,1750,9773.5,668,337.5
"QC","ON",2,66,1,217.5,704.5,668,337.5
"QC","TX",6,29,0,1750,9773.5,668,337.5
"QC","BC",9,109,0,1119,1460,668,337.5
"QC","CA",10,71,0,4879,12768,668,337.5
"QC","FL",2,5,1,735.5,4509,668,337.5
"QC","CA",2,8,1,4879,12768,668,337.5
"QC","WA",7,17,0,14070,13502,668,337.5
"QC","BC",2,56,0,1119,1460,668,337.5
"QC","NJ",3,77,0,9239.5,1587,668,337.5
"QC","BC",4,7,1,1119,1460,668,337.5
"QC","BC",10,69,0,1119,1460,668,337.5
"QC","CA",12,4,1,4879,12768,668,337.5
"QC","BC",7,19,1,1119,1460,668,337.5
"QC","NY",7,362,0,10905,1326,668,337.5
"QC","BC",8,19,1,1119,1460,668,337.5
"QC","NY",4,17,1,10905,1326,668,337.5
"QC","NJ",2,96,0,9239.5,1587,668,337.5
"QC","FL",4,102,0,735.5,4509,668,337.5
"QC","WA",4,2,1,14070,13502,668,337.5
"QC","ON",7,114,1,217.5,704.5,668,337.5
"QC","PA",4,2,1,9103,2311,668,337.5
"QC","NJ",8,5,1,9239.5,1587,668,337.5
"QC","IL",4,48,0,10933,7309,668,337.5
"QC","NJ",12,46,0,9239.5,1587,668,337.5
"QC","BC",1,43,0,1119,1460,668,337.5
"QC","CA",5,27,1,4879,12768,668,337.5
"QC","CA",4,109,0,4879,12768,668,337.5
"QC","PA",2,1,1,9103,2311,668,337.5
"QC","BC",10,8,1,1119,1460,668,337.5
"QC","CA",4,5,1,4879,12768,668,337.5
"QC","IL",4,10,1,10933,7309,668,337.5
"QC","PA",10,5,1,9103,2311,668,337.5
"QC","BC",12,8,1,1119,1460,668,337.5
"QC","NY",1,62,0,10905,1326,668,337.5
"QC","CA",7,24,1,4879,12768,668,337.5
"QC","PA",1,11,0,9103,2311,668,337.5
"QC","NY",6,396,0,10905,1326,668,337.5
"QC","NJ",7,194,0,9239.5,1587,668,337.5
"QC","BC",8,197,0,1119,1460,668,337.5
"QC","FL",12,38,0,735.5,4509,668,337.5
"QC","BC",1,8,1,1119,1460,668,337.5
"QC","IL",7,9,1,10933,7309,668,337.5
"QC","ON",7,1511,0,217.5,704.5,668,337.5
"QC","ON",6,1122,0,217.5,704.5,668,337.5
"QC","NJ",4,39,0,9239.5,1587,668,337.5
"QC","NY",3,219,0,10905,1326,668,337.5
"QC","FL",1,25,0,735.5,4509,668,337.5
"QC","CA",10,10,1,4879,12768,668,337.5
"QC","ON",9,94,1,217.5,704.5,668,337.5
"QC","BC",11,4,1,1119,1460,668,337.5
"QC","FL",12,4,1,735.5,4509,668,337.5
"QC","PA",1,1,1,9103,2311,668,337.5
"QC","FL",3,29,0,735.5,4509,668,337.5
"QC","BC",12,153,0,1119,1460,668,337.5
"QC","WA",5,2,1,14070,13502,668,337.5
"QC","ON",2,624,0,217.5,704.5,668,337.5
"QC","IL",11,19,0,10933,7309,668,337.5
"QC","WA",11,2,1,14070,13502,668,337.5
"QC","NY",6,40,1,10905,1326,668,337.5
"QC","FL",6,64,0,735.5,4509,668,337.5
"QC","TX",6,6,1,1750,9773.5,668,337.5
"QC","WA",6,2,1,14070,13502,668,337.5
"QC","WA",3,6,1,14070,13502,668,337.5
"QC","NJ",6,8,1,9239.5,1587,668,337.5
"QC","IL",9,4,1,10933,7309,668,337.5
"QC","FL",9,7,1,735.5,4509,668,337.5
"QC","CA",9,7,1,4879,12768,668,337.5
"QC","NY",3,18,1,10905,1326,668,337.5
"QC","CA",11,6,1,4879,12768,668,337.5
"QC","BC",5,135,0,1119,1460,668,337.5
"QC","TX",2,8,1,1750,9773.5,668,337.5
"QC","BC",11,22,0,1119,1460,668,337.5
"QC","FL",4,8,1,735.5,4509,668,337.5
"QC","FL",2,41,0,735.5,4509,668,337.5
"QC","NJ",2,6,1,9239.5,1587,668,337.5
"QC","FL",6,8,1,735.5,4509,668,337.5
"QC","FL",3,5,1,735.5,4509,668,337.5
"QC","IL",3,1,1,10933,7309,668,337.5
"QC","PA",12,3,1,9103,2311,668,337.5
"QC","CA",7,225,0,4879,12768,668,337.5
"QC","NJ",9,56,0,9239.5,1587,668,337.5
"QC","PA",4,13,0,9103,2311,668,337.5
"QC","PA",3,31,0,9103,2311,668,337.5
"QC","WA",4,26,0,14070,13502,668,337.5
"QC","PA",8,38,0,9103,2311,668,337.5
"QC","WA",8,37,0,14070,13502,668,337.5
"QC","TX",8,40,0,1750,9773.5,668,337.5
"QC","WA",3,39,0,14070,13502,668,337.5
"QC","ON",8,1638,0,217.5,704.5,668,337.5
"QC","NY",8,256,0,10905,1326,668,337.5
"QC","TX",1,2,1,1750,9773.5,668,337.5
"QC","NJ",1,7,1,9239.5,1587,668,337.5
"QC","BC",2,6,1,1119,1460,668,337.5
"QC","FL",5,6,1,735.5,4509,668,337.5
"QC","NJ",3,7,1,9239.5,1587,668,337.5
"QC","CA",2,56,0,4879,12768,668,337.5
"QC","PA",10,39,0,9103,2311,668,337.5
"QC","PA",12,36,0,9103,2311,668,337.5
"QC","ON",8,138,1,217.5,704.5,668,337.5
"QC","TX",12,18,0,1750,9773.5,668,337.5
"QC","PA",5,0,1,9103,2311,668,337.5
"QC","NY",2,10,1,10905,1326,668,337.5
"QC","WA",12,6,0,14070,13502,668,337.5
"QC","WA",12,0,1,14070,13502,668,337.5
"QC","NJ",11,8,0,9239.5,1587,668,337.5
"QC","NY",12,17,1,10905,1326,668,337.5
"QC","NJ",5,45,0,9239.5,1587,668,337.5
"QC","IL",5,7,1,10933,7309,668,337.5
"QC","ON",12,64,1,217.5,704.5,668,337.5
"QC","IL",2,10,0,10933,7309,668,337.5
"QC","BC",4,80,0,1119,1460,668,337.5
"QC","ON",3,788,0,217.5,704.5,668,337.5
"SK","BC",2,2,0,1119,1460,1431,1009.5
"SK","ON",11,1,1,217.5,704.5,1431,1009.5
"SK","IL",5,1,0,10933,7309,1431,1009.5
"SK","NY",11,0,1,10905,1326,1431,1009.5
"SK","ON",11,4,0,217.5,704.5,1431,1009.5
"SK","ON",6,4,1,217.5,704.5,1431,1009.5
"SK","BC",9,9,0,1119,1460,1431,1009.5
"SK","IL",5,0,1,10933,7309,1431,1009.5
"SK","BC",4,0,1,1119,1460,1431,1009.5
"SK","ON",9,2,1,217.5,704.5,1431,1009.5
"SK","NY",6,2,0,10905,1326,1431,1009.5
"SK","FL",8,1,1,735.5,4509,1431,1009.5
"SK","BC",11,2,1,1119,1460,1431,1009.5
"SK","NJ",3,1,1,9239.5,1587,1431,1009.5
"SK","BC",12,1,1,1119,1460,1431,1009.5
"SK","CA",2,0,1,4879,12768,1431,1009.5
"SK","PA",6,4,0,9103,2311,1431,1009.5
"SK","ON",5,5,1,217.5,704.5,1431,1009.5
"SK","BC",2,0,1,1119,1460,1431,1009.5
"SK","ON",6,32,0,217.5,704.5,1431,1009.5
"SK","CA",2,1,0,4879,12768,1431,1009.5
"SK","WA",4,1,1,14070,13502,1431,1009.5
"SK","ON",9,4,0,217.5,704.5,1431,1009.5
"SK","ON",12,3,1,217.5,704.5,1431,1009.5
"SK","BC",12,5,0,1119,1460,1431,1009.5
"SK","NY",11,1,0,10905,1326,1431,1009.5
"SK","BC",9,0,1,1119,1460,1431,1009.5
"SK","CA",8,2,0,4879,12768,1431,1009.5
"SK","FL",8,4,0,735.5,4509,1431,1009.5
"SK","ON",5,33,0,217.5,704.5,1431,1009.5
"SK","BC",3,17,0,1119,1460,1431,1009.5
"SK","IL",8,1,1,10933,7309,1431,1009.5
"SK","ON",3,7,0,217.5,704.5,1431,1009.5
"SK","BC",5,1,1,1119,1460,1431,1009.5
"SK","ON",8,8,0,217.5,704.5,1431,1009.5
"SK","CA",12,0,1,4879,12768,1431,1009.5
"SK","TX",4,2,0,1750,9773.5,1431,1009.5
"SK","TX",3,0,1,1750,9773.5,1431,1009.5
"SK","TX",7,1,1,1750,9773.5,1431,1009.5
"SK","CA",7,1,1,4879,12768,1431,1009.5
"SK","PA",6,1,1,9103,2311,1431,1009.5
"SK","CA",6,1,1,4879,12768,1431,1009.5
"SK","CA",6,17,0,4879,12768,1431,1009.5
"SK","BC",11,10,0,1119,1460,1431,1009.5
"SK","ON",7,2,1,217.5,704.5,1431,1009.5
"SK","CA",1,3,0,4879,12768,1431,1009.5
"SK","BC",7,0,1,1119,1460,1431,1009.5
"SK","ON",10,6,0,217.5,704.5,1431,1009.5
"SK","WA",4,4,0,14070,13502,1431,1009.5
"SK","NY",4,0,1,10905,1326,1431,1009.5
"SK","BC",8,8,0,1119,1460,1431,1009.5
"SK","TX",4,0,1,1750,9773.5,1431,1009.5
"SK","CA",1,1,1,4879,12768,1431,1009.5
"SK","CA",4,0,1,4879,12768,1431,1009.5
"SK","CA",7,4,0,4879,12768,1431,1009.5
"SK","ON",3,1,1,217.5,704.5,1431,1009.5
"SK","BC",5,20,0,1119,1460,1431,1009.5
"SK","NY",4,1,0,10905,1326,1431,1009.5
"SK","BC",6,14,0,1119,1460,1431,1009.5
"SK","PA",7,1,0,9103,2311,1431,1009.5
"SK","NJ",3,2,0,9239.5,1587,1431,1009.5
"SK","TX",7,4,0,1750,9773.5,1431,1009.5
"SK","ON",7,6,0,217.5,704.5,1431,1009.5
"SK","ON",4,3,1,217.5,704.5,1431,1009.5
"SK","NY",6,1,1,10905,1326,1431,1009.5
"SK","ON",12,9,0,217.5,704.5,1431,1009.5
"SK","IL",8,2,0,10933,7309,1431,1009.5
"SK","CA",4,3,0,4879,12768,1431,1009.5
"SK","ON",10,1,1,217.5,704.5,1431,1009.5
"SK","TX",3,4,0,1750,9773.5,1431,1009.5
"SK","CA",12,11,0,4879,12768,1431,1009.5
"SK","BC",7,1,0,1119,1460,1431,1009.5
"SK","BC",8,3,1,1119,1460,1431,1009.5
"SK","CA",8,0,1,4879,12768,1431,1009.5
"SK","PA",7,0,1,9103,2311,1431,1009.5
"SK","ON",4,7,0,217.5,704.5,1431,1009.5
"SK","BC",3,4,1,1119,1460,1431,1009.5
"SK","ON",8,1,1,217.5,704.5,1431,1009.5
"SK","BC",4,1,0,1119,1460,1431,1009.5
"SK","BC",6,1,1,1119,1460,1431,1009.5
"YT","ON",5,1,1,217.5,704.5,1652,1651
"YT","WA",9,0,1,14070,13502,1652,1651
"YT","ON",1,1,1,217.5,704.5,1652,1651
"YT","WA",5,0,1,14070,13502,1652,1651
"YT","ON",7,1,1,217.5,704.5,1652,1651
"YT","ON",1,2,0,217.5,704.5,1652,1651
"YT","BC",3,1,1,1119,1460,1652,1651
"YT","BC",3,4,0,1119,1460,1652,1651
"YT","ON",7,2,0,217.5,704.5,1652,1651
"YT","ON",5,2,0,217.5,704.5,1652,1651
"YT","WA",9,1,0,14070,13502,1652,1651
"YT","WA",5,1,0,14070,13502,1652,1651
